run_date,city,platform,campaign_type,sub_metric,D1,LMTD,LM,MTD,MTD_vs_LMTD,PROJECTED,L7D,LL7D
2026-04-09,Ahmedabad,Google,Google - PMAX,SPEND,12470.28,123361.78,370905.78,109462.99,-11.3,364876.63,86321.24,75963.01
2026-04-09,Ahmedabad,Google,Google - PMAX,CLICKS,9796,96320,384085,80065,-16.9,266883,63532,43951
2026-04-09,Ahmedabad,Google,Google - PMAX,CPC,1.27,1.28,0.97,1.37,,,1.36,1.73
2026-04-09,Ahmedabad,Google,Google - UACi,SPEND,5973.6,59710.5,186378.59,63079.68,5.6,210265.6,49708.67,41133.29
2026-04-09,Ahmedabad,Google,Google - UACi,CLICKS,524,6297,18885,5768,-8.4,19226,4551,4121
2026-04-09,Ahmedabad,Google,Google - UACi,CPC,11.4,9.48,9.87,10.94,,,10.92,9.98
2026-04-09,Ahmedabad,Google,Google - UACe,SPEND,1785.5,18703.86,52779.01,28837.04,54.2,96123.47,24722.84,16920.48
2026-04-09,Ahmedabad,Google,Google - UACe,CLICKS,582,4133,12954,11076,168.0,36920,9875,4414
2026-04-09,Ahmedabad,Google,Google - UACe,CPC,3.07,4.53,4.07,2.6,,,2.5,3.83
2026-04-09,Ahmedabad,Google,Google - Search,SPEND,3357.37,27646.69,105031.23,32879.6,18.9,109598.67,25680.66,26194.97
2026-04-09,Ahmedabad,Google,Google - Search,CLICKS,750,6384,25401,7829,22.6,26096,6060,6197
2026-04-09,Ahmedabad,Google,Google - Search,CPC,4.48,4.33,4.13,4.2,,,4.24,4.23
2026-04-09,Ahmedabad,Google,Google - Total,SPEND,23586.75,229422.83,715094.62,234259.31,2.1,780864.37,186433.4,160211.74
2026-04-09,Ahmedabad,Google,Google - Total,CLICKS,11652,113134,441325,104738,-7.4,349126,84018,58683
2026-04-09,Ahmedabad,Google,Google - Total,CPC,2.02,2.03,1.62,2.24,,,2.22,2.73
2026-04-09,Ahmedabad,Meta,Facebook - Catalog,SPEND,25620.58,154829.15,695108.37,237992.99,53.7,793309.97,184166.08,190893.68
2026-04-09,Ahmedabad,Meta,Facebook - Catalog,CLICKS,7139,39508,170251,62160,57.3,207200,48688,46692
2026-04-09,Ahmedabad,Meta,Facebook - Catalog,CPC,3.59,3.92,4.08,3.83,,,3.78,4.09
2026-04-09,Ahmedabad,Meta,Facebook - Conversion,SPEND,11948.5,72256.12,254309.53,100938.81,39.7,336462.7,82542.97,59009.67
2026-04-09,Ahmedabad,Meta,Facebook - Conversion,CLICKS,1131,6311,22117,9120,44.5,30400,7361,5432
2026-04-09,Ahmedabad,Meta,Facebook - Conversion,CPC,10.56,11.45,11.5,11.07,,,11.21,10.86
2026-04-09,Ahmedabad,Meta,Facebook - Total,SPEND,37569.08,227085.27,949417.9,338931.8,49.3,1129772.67,266709.05,249903.35
2026-04-09,Ahmedabad,Meta,Facebook - Total,CLICKS,8270,45819,192368,71280,55.6,237600,56049,52124
2026-04-09,Ahmedabad,Meta,Facebook - Total,CPC,4.54,4.96,4.94,4.75,,,4.76,4.79
2026-04-09,Bangalore,Google,Google - PMAX,SPEND,64309.16,485113.03,1722744.2,589649.93,21.5,1965499.77,470182.05,580651.36
2026-04-09,Bangalore,Google,Google - PMAX,CLICKS,38986,222043,843427,456204,105.5,1520680,340316,299276
2026-04-09,Bangalore,Google,Google - PMAX,CPC,1.65,2.18,2.04,1.29,,,1.38,1.94
2026-04-09,Bangalore,Google,Google - UACi,SPEND,19582.91,165069.69,569844.71,161680.66,-2.1,538935.53,126687.02,128417.04
2026-04-09,Bangalore,Google,Google - UACi,CLICKS,3229,24795,100130,26769,8.0,89230,21021,25520
2026-04-09,Bangalore,Google,Google - UACi,CPC,6.06,6.66,5.69,6.04,,,6.03,5.03
2026-04-09,Bangalore,Google,Google - UACe,SPEND,25910.35,273728.93,1009062.89,328262.97,19.9,1094209.9,246640.54,295371.25
2026-04-09,Bangalore,Google,Google - UACe,CLICKS,5649,52032,211250,65430,25.7,218100,49105,61275
2026-04-09,Bangalore,Google,Google - UACe,CPC,4.59,5.26,4.78,5.02,,,5.02,4.82
2026-04-09,Bangalore,Google,Google - Search,SPEND,9802.83,73909.47,320357.04,98712.1,33.6,329040.33,76931.39,83041.04
2026-04-09,Bangalore,Google,Google - Search,CLICKS,2025,15172,60500,20295,33.8,67650,16132,14834
2026-04-09,Bangalore,Google,Google - Search,CPC,4.84,4.87,5.3,4.86,,,4.77,5.6
2026-04-09,Bangalore,Google,Google - Total,SPEND,124982.49,1051471.62,3782417.22,1227046.55,16.7,4090155.17,958037.84,1122231.48
2026-04-09,Bangalore,Google,Google - Total,CLICKS,51316,346755,1357638,592123,70.8,1973743,442714,432828
2026-04-09,Bangalore,Google,Google - Total,CPC,2.44,3.03,2.79,2.07,,,2.16,2.59
2026-04-09,Bangalore,Meta,Facebook - Catalog,SPEND,70292.09,481347.68,2112794.61,709688.79,47.4,2365629.3,542348.97,593163.08
2026-04-09,Bangalore,Meta,Facebook - Catalog,CLICKS,14436,82848,438090,144662,74.6,482206,107051,144090
2026-04-09,Bangalore,Meta,Facebook - Catalog,CPC,4.87,5.81,4.82,4.91,,,5.07,4.12
2026-04-09,Bangalore,Meta,Facebook - Conversion,SPEND,27342.5,189743.26,627035.82,230392.11,21.4,767973.7,184177.89,144222.5
2026-04-09,Bangalore,Meta,Facebook - Conversion,CLICKS,2971,12538,46306,21204,69.1,70680,16291,14080
2026-04-09,Bangalore,Meta,Facebook - Conversion,CPC,9.2,15.13,13.54,10.87,,,11.31,10.24
2026-04-09,Bangalore,Meta,Facebook - Total,SPEND,97634.59,671090.94,2739830.43,940080.9,40.1,3133603.0,726526.86,737385.58
2026-04-09,Bangalore,Meta,Facebook - Total,CLICKS,17407,95386,484396,165866,73.9,552886,123342,158170
2026-04-09,Bangalore,Meta,Facebook - Total,CPC,5.61,7.04,5.66,5.67,,,5.89,4.66
2026-04-09,Chandigarh,Google,Google - PMAX,SPEND,6360.09,55332.14,174669.59,54642.25,-1.2,182140.83,43282.91,37073.42
2026-04-09,Chandigarh,Google,Google - PMAX,CLICKS,5430,60364,176189,42850,-29.0,142833,35264,14689
2026-04-09,Chandigarh,Google,Google - PMAX,CPC,1.17,0.92,0.99,1.28,,,1.23,2.52
2026-04-09,Chandigarh,Google,Google - UACi,SPEND,2650.41,23291.11,77388.22,24040.82,3.2,80136.07,19300.63,16343.55
2026-04-09,Chandigarh,Google,Google - UACi,CLICKS,230,2792,8452,2345,-16.0,7816,1818,1785
2026-04-09,Chandigarh,Google,Google - UACi,CPC,11.52,8.34,9.16,10.25,,,10.62,9.16
2026-04-09,Chandigarh,Google,Google - UACe,SPEND,2860.25,25030.27,84063.1,29425.4,17.6,98084.67,23527.61,18159.94
2026-04-09,Chandigarh,Google,Google - UACe,CLICKS,606,5310,18800,6025,13.5,20083,4845,3674
2026-04-09,Chandigarh,Google,Google - UACe,CPC,4.72,4.71,4.47,4.88,,,4.86,4.94
2026-04-09,Chandigarh,Google,Google - Search,SPEND,1565.55,11368.68,44198.48,14164.59,24.6,47215.3,11116.09,10550.24
2026-04-09,Chandigarh,Google,Google - Search,CLICKS,341,2916,10844,3596,23.3,11986,2849,2336
2026-04-09,Chandigarh,Google,Google - Search,CPC,4.59,3.9,4.08,3.94,,,3.9,4.52
2026-04-09,Chandigarh,Google,Google - Total,SPEND,13436.31,115022.21,380319.39,122273.06,6.3,407576.87,97227.23,82127.14
2026-04-09,Chandigarh,Google,Google - Total,CLICKS,6607,71382,214285,54816,-23.2,182720,44776,22484
2026-04-09,Chandigarh,Google,Google - Total,CPC,2.03,1.61,1.77,2.23,,,2.17,3.65
2026-04-09,Chandigarh,Meta,Facebook - Catalog,SPEND,11696.44,106813.09,382166.48,113825.54,6.6,379418.47,88945.23,85930.34
2026-04-09,Chandigarh,Meta,Facebook - Catalog,CLICKS,1881,19564,63674,19253,-1.6,64176,15134,13977
2026-04-09,Chandigarh,Meta,Facebook - Catalog,CPC,6.22,5.46,6.0,5.91,,,5.88,6.15
2026-04-09,Chandigarh,Meta,Facebook - Conversion,SPEND,2862.67,25866.68,91232.04,28902.44,11.7,96341.47,22545.02,20905.34
2026-04-09,Chandigarh,Meta,Facebook - Conversion,CLICKS,242,2064,7021,2480,20.2,8266,1881,1840
2026-04-09,Chandigarh,Meta,Facebook - Conversion,CPC,11.83,12.53,12.99,11.65,,,11.99,11.36
2026-04-09,Chandigarh,Meta,Facebook - Total,SPEND,14559.11,132679.77,473398.52,142727.98,7.6,475759.93,111490.25,106835.68
2026-04-09,Chandigarh,Meta,Facebook - Total,CLICKS,2123,21628,70695,21733,0.5,72443,17015,15817
2026-04-09,Chandigarh,Meta,Facebook - Total,CPC,6.86,6.13,6.7,6.57,,,6.55,6.75
2026-04-09,Chennai,Google,Google - PMAX,SPEND,21531.79,133573.86,549420.83,180511.59,35.1,601705.3,132969.54,154325.58
2026-04-09,Chennai,Google,Google - PMAX,CLICKS,14255,78988,548963,135108,71.0,450360,95727,152947
2026-04-09,Chennai,Google,Google - PMAX,CPC,1.51,1.69,1.0,1.34,,,1.39,1.01
2026-04-09,Chennai,Google,Google - UACi,SPEND,7906.91,58742.14,199761.18,68413.2,16.5,228044.0,54741.79,43337.03
2026-04-09,Chennai,Google,Google - UACi,CLICKS,859,7475,24386,7811,4.5,26036,6333,5160
2026-04-09,Chennai,Google,Google - UACi,CPC,9.2,7.86,8.19,8.76,,,8.64,8.4
2026-04-09,Chennai,Google,Google - UACe,SPEND,4438.02,22113.59,85144.64,51049.48,130.9,170164.93,42933.23,30058.4
2026-04-09,Chennai,Google,Google - UACe,CLICKS,1254,3502,13839,11396,225.4,37986,10220,4704
2026-04-09,Chennai,Google,Google - UACe,CPC,3.54,6.31,6.15,4.48,,,4.2,6.39
2026-04-09,Chennai,Google,Google - Search,SPEND,1341.5,0,0,7357.51,,24525.03,7357.51,0
2026-04-09,Chennai,Google,Google - Search,CLICKS,419,0,0,1098,,3660,1098,0
2026-04-09,Chennai,Google,Google - Search,CPC,3.2,0.0,0.0,6.7,,,6.7,0.0
2026-04-09,Chennai,Google,Google - Total,SPEND,35218.22,214429.6,834326.65,307331.77,43.3,1024439.23,238002.06,227721.02
2026-04-09,Chennai,Google,Google - Total,CLICKS,16787,89965,587188,155413,72.7,518043,113378,162811
2026-04-09,Chennai,Google,Google - Total,CPC,2.1,2.38,1.42,1.98,,,2.1,1.4
2026-04-09,Chennai,Meta,Facebook - Catalog,SPEND,20018.53,92855.34,407118.23,192137.59,106.9,640458.63,150373.45,138377.73
2026-04-09,Chennai,Meta,Facebook - Catalog,CLICKS,5899,20537,102815,53206,159.1,177353,41633,37650
2026-04-09,Chennai,Meta,Facebook - Catalog,CPC,3.39,4.52,3.96,3.61,,,3.61,3.68
2026-04-09,Chennai,Meta,Facebook - Conversion,SPEND,6613.55,32061.36,124317.29,62549.41,95.1,208498.03,50451.4,38117.01
2026-04-09,Chennai,Meta,Facebook - Conversion,CLICKS,703,2352,9331,5552,136.1,18506,4423,3279
2026-04-09,Chennai,Meta,Facebook - Conversion,CPC,9.41,13.63,13.32,11.27,,,11.41,11.62
2026-04-09,Chennai,Meta,Facebook - Total,SPEND,26632.08,124916.7,531435.52,254687.0,103.9,848956.67,200824.85,176494.74
2026-04-09,Chennai,Meta,Facebook - Total,CLICKS,6602,22889,112146,58758,156.7,195860,46056,40929
2026-04-09,Chennai,Meta,Facebook - Total,CPC,4.03,5.46,4.74,4.33,,,4.36,4.31
2026-04-09,Coimbatore,Google,Google - PMAX,SPEND,6384.05,41718.57,168065.86,51552.79,23.6,171842.63,40744.84,38415.21
2026-04-09,Coimbatore,Google,Google - PMAX,CLICKS,2833,49200,170797,33618,-31.7,112060,26397,33797
2026-04-09,Coimbatore,Google,Google - PMAX,CPC,2.25,0.85,0.98,1.53,,,1.54,1.14
2026-04-09,Coimbatore,Google,Google - UACi,SPEND,659.03,7832.77,24523.89,5952.94,-24.0,19843.13,4569.73,3892.5
2026-04-09,Coimbatore,Google,Google - UACi,CLICKS,96,1393,4412,971,-30.3,3236,734,766
2026-04-09,Coimbatore,Google,Google - UACi,CPC,6.86,5.62,5.56,6.13,,,6.23,5.08
2026-04-09,Coimbatore,Google,Google - UACe,SPEND,840.07,9081.2,32522.1,12005.93,32.2,40019.77,9953.68,8206.05
2026-04-09,Coimbatore,Google,Google - UACe,CLICKS,265,2963,11175,3814,28.7,12713,3244,2662
2026-04-09,Coimbatore,Google,Google - UACe,CPC,3.17,3.06,2.91,3.15,,,3.07,3.08
2026-04-09,Coimbatore,Google,Google - Search,SPEND,0,2629.5,2629.5,0,-100.0,0.0,0,0
2026-04-09,Coimbatore,Google,Google - Search,CLICKS,0,688,688,0,-100.0,0,0,0
2026-04-09,Coimbatore,Google,Google - Search,CPC,0.0,3.82,3.82,0.0,,,0.0,0.0
2026-04-09,Coimbatore,Google,Google - Total,SPEND,7883.14,61262.05,227741.35,69511.65,13.5,231705.5,55268.25,50513.76
2026-04-09,Coimbatore,Google,Google - Total,CLICKS,3194,54244,187072,38403,-29.2,128010,30375,37225
2026-04-09,Coimbatore,Google,Google - Total,CPC,2.47,1.13,1.22,1.81,,,1.82,1.36
2026-04-09,Coimbatore,Meta,Facebook - Catalog,SPEND,4438.01,31289.9,92623.12,39907.66,27.5,133025.53,33259.54,20196.32
2026-04-09,Coimbatore,Meta,Facebook - Catalog,CLICKS,1060,7009,22537,9702,38.4,32340,8095,4936
2026-04-09,Coimbatore,Meta,Facebook - Catalog,CPC,4.19,4.46,4.11,4.11,,,4.11,4.09
2026-04-09,Coimbatore,Meta,Facebook - Conversion,SPEND,2964.17,12018.89,41418.58,24452.87,103.5,81509.57,20565.25,10821.89
2026-04-09,Coimbatore,Meta,Facebook - Conversion,CLICKS,253,922,3237,2143,132.4,7143,1804,929
2026-04-09,Coimbatore,Meta,Facebook - Conversion,CPC,11.72,13.04,12.8,11.41,,,11.4,11.65
2026-04-09,Coimbatore,Meta,Facebook - Total,SPEND,7402.18,43308.79,134041.7,64360.53,48.6,214535.1,53824.79,31018.21
2026-04-09,Coimbatore,Meta,Facebook - Total,CLICKS,1313,7931,25774,11845,49.4,39483,9899,5865
2026-04-09,Coimbatore,Meta,Facebook - Total,CPC,5.64,5.46,5.2,5.43,,,5.44,5.29
2026-04-09,Delhi NCR,Google,Google - PMAX,SPEND,27567.2,251583.75,830043.5,257476.71,2.3,858255.7,182909.75,223373.58
2026-04-09,Delhi NCR,Google,Google - PMAX,CLICKS,17735,51032,729000,164285,221.9,547616,124168,127060
2026-04-09,Delhi NCR,Google,Google - PMAX,CPC,1.55,4.93,1.14,1.57,,,1.47,1.76
2026-04-09,Delhi NCR,Google,Google - UACi,SPEND,18937.05,139099.38,459171.56,165370.72,18.9,551235.73,132318.51,100787.69
2026-04-09,Delhi NCR,Google,Google - UACi,CLICKS,2072,14803,49717,18972,28.2,63240,15004,11768
2026-04-09,Delhi NCR,Google,Google - UACi,CPC,9.14,9.4,9.24,8.72,,,8.82,8.56
2026-04-09,Delhi NCR,Google,Google - UACe,SPEND,26825.33,162138.89,578785.55,273387.6,68.6,911292.0,226572.34,154589.69
2026-04-09,Delhi NCR,Google,Google - UACe,CLICKS,6462,35373,134459,58523,65.4,195076,47827,35972
2026-04-09,Delhi NCR,Google,Google - UACe,CPC,4.15,4.58,4.3,4.67,,,4.74,4.3
2026-04-09,Delhi NCR,Google,Google - Search,SPEND,10254.17,73299.17,309358.32,100035.54,36.5,333451.8,79062.89,83274.13
2026-04-09,Delhi NCR,Google,Google - Search,CLICKS,2582,16546,69637,25265,52.7,84216,20141,16908
2026-04-09,Delhi NCR,Google,Google - Search,CPC,3.97,4.43,4.44,3.96,,,3.93,4.93
2026-04-09,Delhi NCR,Google,Google - Total,SPEND,83583.75,626121.18,2177358.93,796270.56,27.2,2654235.2,620863.48,562025.08
2026-04-09,Delhi NCR,Google,Google - Total,CLICKS,28851,117754,982813,267045,126.8,890150,207140,191708
2026-04-09,Delhi NCR,Google,Google - Total,CPC,2.9,5.32,2.22,2.98,,,3.0,2.93
2026-04-09,Delhi NCR,Meta,Facebook - Catalog,SPEND,75310.46,601023.14,2599555.95,741658.01,23.4,2472193.37,557418.32,656471.35
2026-04-09,Delhi NCR,Meta,Facebook - Catalog,CLICKS,21068,149891,610123,190003,26.8,633343,146088,160586
2026-04-09,Delhi NCR,Meta,Facebook - Catalog,CPC,3.57,4.01,4.26,3.9,,,3.82,4.09
2026-04-09,Delhi NCR,Meta,Facebook - Conversion,SPEND,37774.64,271479.55,997600.2,305802.14,12.6,1019340.47,242283.19,211371.04
2026-04-09,Delhi NCR,Meta,Facebook - Conversion,CLICKS,4337,19516,71516,30316,55.3,101053,23954,19011
2026-04-09,Delhi NCR,Meta,Facebook - Conversion,CPC,8.71,13.91,13.95,10.09,,,10.11,11.12
2026-04-09,Delhi NCR,Meta,Facebook - Total,SPEND,113085.1,872502.69,3597156.15,1047460.15,20.1,3491533.83,799701.51,867842.39
2026-04-09,Delhi NCR,Meta,Facebook - Total,CLICKS,25405,169407,681639,220319,30.1,734396,170042,179597
2026-04-09,Delhi NCR,Meta,Facebook - Total,CPC,4.45,5.15,5.28,4.75,,,4.7,4.83
2026-04-09,Hyderabad,Google,Google - PMAX,SPEND,11934.64,46360.0,259674.79,84652.34,82.6,282174.47,65761.67,72087.62
2026-04-09,Hyderabad,Google,Google - PMAX,CLICKS,6551,25781,168416,92403,258.4,308010,81478,37993
2026-04-09,Hyderabad,Google,Google - PMAX,CPC,1.82,1.8,1.54,0.92,,,0.81,1.9
2026-04-09,Hyderabad,Google,Google - UACi,SPEND,4778.16,34791.63,121186.34,40635.45,16.8,135451.5,31746.62,27673.42
2026-04-09,Hyderabad,Google,Google - UACi,CLICKS,548,3936,14396,4695,19.3,15650,3681,3427
2026-04-09,Hyderabad,Google,Google - UACi,CPC,8.72,8.84,8.42,8.66,,,8.62,8.08
2026-04-09,Hyderabad,Google,Google - UACe,SPEND,2569.36,18100.32,58626.76,37675.8,108.1,125586.0,30168.88,22274.62
2026-04-09,Hyderabad,Google,Google - UACe,CLICKS,551,3098,11286,8713,181.2,29043,7123,4493
2026-04-09,Hyderabad,Google,Google - UACe,CPC,4.66,5.84,5.19,4.32,,,4.24,4.96
2026-04-09,Hyderabad,Google,Google - Search,SPEND,1850.63,11557.92,57747.15,18289.87,58.2,60966.23,13691.26,19971.23
2026-04-09,Hyderabad,Google,Google - Search,CLICKS,674,4555,18957,7204,58.2,24013,5784,5515
2026-04-09,Hyderabad,Google,Google - Search,CPC,2.75,2.54,3.05,2.54,,,2.37,3.62
2026-04-09,Hyderabad,Google,Google - Total,SPEND,21132.8,110809.87,497235.05,181253.46,63.6,604178.2,141368.43,142006.9
2026-04-09,Hyderabad,Google,Google - Total,CLICKS,8324,37370,213055,113015,202.4,376716,98066,51428
2026-04-09,Hyderabad,Google,Google - Total,CPC,2.54,2.97,2.33,1.6,,,1.44,2.76
2026-04-09,Hyderabad,Meta,Facebook - Catalog,SPEND,11146.23,83746.76,303626.44,105719.48,26.2,352398.27,82741.33,79779.89
2026-04-09,Hyderabad,Meta,Facebook - Catalog,CLICKS,2760,19866,74028,23995,20.8,79983,18963,16887
2026-04-09,Hyderabad,Meta,Facebook - Catalog,CPC,4.04,4.22,4.1,4.41,,,4.36,4.72
2026-04-09,Hyderabad,Meta,Facebook - Conversion,SPEND,5742.8,35098.16,116804.6,46909.19,33.7,156363.97,38116.28,28270.7
2026-04-09,Hyderabad,Meta,Facebook - Conversion,CLICKS,415,2376,7821,3599,51.5,11996,2939,1986
2026-04-09,Hyderabad,Meta,Facebook - Conversion,CPC,13.84,14.77,14.93,13.03,,,12.97,14.23
2026-04-09,Hyderabad,Meta,Facebook - Total,SPEND,16889.03,118844.92,420431.04,152628.67,28.4,508762.23,120857.61,108050.59
2026-04-09,Hyderabad,Meta,Facebook - Total,CLICKS,3175,22242,81849,27594,24.1,91980,21902,18873
2026-04-09,Hyderabad,Meta,Facebook - Total,CPC,5.32,5.34,5.14,5.53,,,5.52,5.73
2026-04-09,Indore,Google,Google - PMAX,SPEND,2030.39,17919.11,60774.97,20174.7,12.6,67249.0,15037.21,14745.58
2026-04-09,Indore,Google,Google - PMAX,CLICKS,1990,11150,87437,22944,105.8,76480,16588,28577
2026-04-09,Indore,Google,Google - PMAX,CPC,1.02,1.61,0.7,0.88,,,0.91,0.52
2026-04-09,Indore,Google,Google - UACi,SPEND,0,0,0,0,,0.0,0,0
2026-04-09,Indore,Google,Google - UACi,CLICKS,0,0,0,0,,0,0,0
2026-04-09,Indore,Google,Google - UACi,CPC,0.0,0.0,0.0,0.0,,,0.0,0.0
2026-04-09,Indore,Google,Google - UACe,SPEND,420.84,0,0,5818.59,,19395.3,5818.59,0
2026-04-09,Indore,Google,Google - UACe,CLICKS,106,0,0,1909,,6363,1909,0
2026-04-09,Indore,Google,Google - UACe,CPC,3.97,0.0,0.0,3.05,,,3.05,0.0
2026-04-09,Indore,Google,Google - Search,SPEND,0,0,0,0,,0.0,0,0
2026-04-09,Indore,Google,Google - Search,CLICKS,0,0,0,0,,0,0,0
2026-04-09,Indore,Google,Google - Search,CPC,0.0,0.0,0.0,0.0,,,0.0,0.0
2026-04-09,Indore,Google,Google - Total,SPEND,2451.23,17919.11,60774.97,25993.28,45.1,86644.27,20855.8,14745.58
2026-04-09,Indore,Google,Google - Total,CLICKS,2096,11150,87437,24853,122.9,82843,18497,28577
2026-04-09,Indore,Google,Google - Total,CPC,1.17,1.61,0.7,1.05,,,1.13,0.52
2026-04-09,Indore,Meta,Facebook - Catalog,SPEND,3985.28,22207.83,70993.85,33853.9,52.4,112846.33,27774.94,17059.79
2026-04-09,Indore,Meta,Facebook - Catalog,CLICKS,1257,8420,26330,10676,26.8,35586,8601,5841
2026-04-09,Indore,Meta,Facebook - Catalog,CPC,3.17,2.64,2.7,3.17,,,3.23,2.92
2026-04-09,Indore,Meta,Facebook - Conversion,SPEND,973.52,7712.46,26914.68,8285.3,7.4,27617.67,6425.54,5998.57
2026-04-09,Indore,Meta,Facebook - Conversion,CLICKS,103,923,2918,837,-9.3,2790,660,552
2026-04-09,Indore,Meta,Facebook - Conversion,CPC,9.45,8.36,9.22,9.9,,,9.74,10.87
2026-04-09,Indore,Meta,Facebook - Total,SPEND,4958.8,29920.29,97908.53,42139.2,40.8,140464.0,34200.48,23058.36
2026-04-09,Indore,Meta,Facebook - Total,CLICKS,1360,9343,29248,11513,23.2,38376,9261,6393
2026-04-09,Indore,Meta,Facebook - Total,CPC,3.65,3.2,3.35,3.66,,,3.69,3.61
2026-04-09,Jaipur,Google,Google - PMAX,SPEND,3923.85,20756.7,91553.07,32332.28,55.8,107774.27,25152.26,25263.14
2026-04-09,Jaipur,Google,Google - PMAX,CLICKS,1908,18303,41577,51254,180.0,170846,30320,27687
2026-04-09,Jaipur,Google,Google - PMAX,CPC,2.06,1.13,2.2,0.63,,,0.83,0.91
2026-04-09,Jaipur,Google,Google - UACi,SPEND,0,0,0,0,,0.0,0,0
2026-04-09,Jaipur,Google,Google - UACi,CLICKS,0,0,0,0,,0,0,0
2026-04-09,Jaipur,Google,Google - UACi,CPC,0.0,0.0,0.0,0.0,,,0.0,0.0
2026-04-09,Jaipur,Google,Google - UACe,SPEND,417.19,0,0,4987.15,,16623.83,4987.15,0
2026-04-09,Jaipur,Google,Google - UACe,CLICKS,126,0,0,1973,,6576,1973,0
2026-04-09,Jaipur,Google,Google - UACe,CPC,3.31,0.0,0.0,2.53,,,2.53,0.0
2026-04-09,Jaipur,Google,Google - Search,SPEND,0,0,0,0,,0.0,0,0
2026-04-09,Jaipur,Google,Google - Search,CLICKS,0,0,0,0,,0,0,0
2026-04-09,Jaipur,Google,Google - Search,CPC,0.0,0.0,0.0,0.0,,,0.0,0.0
2026-04-09,Jaipur,Google,Google - Total,SPEND,4341.04,20756.7,91553.07,37319.43,79.8,124398.1,30139.41,25263.14
2026-04-09,Jaipur,Google,Google - Total,CLICKS,2034,18303,41577,53227,190.8,177423,32293,27687
2026-04-09,Jaipur,Google,Google - Total,CPC,2.13,1.13,2.2,0.7,,,0.93,0.91
2026-04-09,Jaipur,Meta,Facebook - Catalog,SPEND,7695.74,38565.03,216977.39,75042.33,94.6,250141.1,53444.94,79966.83
2026-04-09,Jaipur,Meta,Facebook - Catalog,CLICKS,2119,11863,61674,20614,73.8,68713,14421,22824
2026-04-09,Jaipur,Meta,Facebook - Catalog,CPC,3.63,3.25,3.52,3.64,,,3.71,3.5
2026-04-09,Jaipur,Meta,Facebook - Conversion,SPEND,2832.8,18266.16,72465.1,25343.54,38.7,84478.47,18055.87,24005.66
2026-04-09,Jaipur,Meta,Facebook - Conversion,CLICKS,272,1656,6135,2006,21.1,6686,1447,1856
2026-04-09,Jaipur,Meta,Facebook - Conversion,CPC,10.41,11.03,11.81,12.63,,,12.48,12.93
2026-04-09,Jaipur,Meta,Facebook - Total,SPEND,10528.54,56831.19,289442.49,100385.87,76.6,334619.57,71500.81,103972.49
2026-04-09,Jaipur,Meta,Facebook - Total,CLICKS,2391,13519,67809,22620,67.3,75400,15868,24680
2026-04-09,Jaipur,Meta,Facebook - Total,CPC,4.4,4.2,4.27,4.44,,,4.51,4.21
2026-04-09,Kochi,Google,Google - PMAX,SPEND,6450.73,56600.45,188005.9,60395.48,6.7,201318.27,42495.9,46934.7
2026-04-09,Kochi,Google,Google - PMAX,CLICKS,4240,54302,132302,52149,-4.0,173830,33526,40485
2026-04-09,Kochi,Google,Google - PMAX,CPC,1.52,1.04,1.42,1.16,,,1.27,1.16
2026-04-09,Kochi,Google,Google - UACi,SPEND,712.55,5536.48,5536.48,1505.12,-72.8,5017.07,1505.12,0
2026-04-09,Kochi,Google,Google - UACi,CLICKS,87,453,453,187,-58.7,623,187,0
2026-04-09,Kochi,Google,Google - UACi,CPC,8.19,12.22,12.22,8.05,,,8.05,0.0
2026-04-09,Kochi,Google,Google - UACe,SPEND,1621.27,12603.71,44771.88,18874.09,49.8,62913.63,15806.64,10773.26
2026-04-09,Kochi,Google,Google - UACe,CLICKS,571,5371,20471,6478,20.6,21593,5134,5008
2026-04-09,Kochi,Google,Google - UACe,CPC,2.84,2.35,2.19,2.91,,,3.08,2.15
2026-04-09,Kochi,Google,Google - Search,SPEND,0,0,0,0,,0.0,0,0
2026-04-09,Kochi,Google,Google - Search,CLICKS,0,0,0,0,,0,0,0
2026-04-09,Kochi,Google,Google - Search,CPC,0.0,0.0,0.0,0.0,,,0.0,0.0
2026-04-09,Kochi,Google,Google - Total,SPEND,8784.55,74740.64,238314.26,80774.69,8.1,269248.97,59807.66,57707.96
2026-04-09,Kochi,Google,Google - Total,CLICKS,4898,60126,153226,58814,-2.2,196046,38847,45493
2026-04-09,Kochi,Google,Google - Total,CPC,1.79,1.24,1.56,1.37,,,1.54,1.27
2026-04-09,Kochi,Meta,Facebook - Catalog,SPEND,6942.78,65411.42,228291.21,67395.36,3.0,224651.2,52854.02,50570.25
2026-04-09,Kochi,Meta,Facebook - Catalog,CLICKS,1122,8802,30167,9733,10.6,32443,7808,6593
2026-04-09,Kochi,Meta,Facebook - Catalog,CPC,6.19,7.43,7.57,6.92,,,6.77,7.67
2026-04-09,Kochi,Meta,Facebook - Conversion,SPEND,4339.26,21848.98,78683.51,35222.13,61.2,117407.1,28694.96,18639.67
2026-04-09,Kochi,Meta,Facebook - Conversion,CLICKS,662,1922,7090,4698,144.4,15660,3775,2287
2026-04-09,Kochi,Meta,Facebook - Conversion,CPC,6.55,11.37,11.1,7.5,,,7.6,8.15
2026-04-09,Kochi,Meta,Facebook - Total,SPEND,11282.04,87260.4,306974.72,102617.49,17.6,342058.3,81548.98,69209.92
2026-04-09,Kochi,Meta,Facebook - Total,CLICKS,1784,10724,37257,14431,34.6,48103,11583,8880
2026-04-09,Kochi,Meta,Facebook - Total,CPC,6.32,8.14,8.24,7.11,,,7.04,7.79
2026-04-09,Kolkata,Google,Google - PMAX,SPEND,4478.97,39009.07,138126.72,41776.31,7.1,139254.37,33084.44,30614.07
2026-04-09,Kolkata,Google,Google - PMAX,CLICKS,4187,22718,74407,48784,114.7,162613,41478,33800
2026-04-09,Kolkata,Google,Google - PMAX,CPC,1.07,1.72,1.86,0.86,,,0.8,0.91
2026-04-09,Kolkata,Google,Google - UACi,SPEND,2559.71,23689.69,77433.74,26130.64,10.3,87102.13,20904.91,16775.94
2026-04-09,Kolkata,Google,Google - UACi,CLICKS,249,2300,7539,2444,6.3,8146,1997,1566
2026-04-09,Kolkata,Google,Google - UACi,CPC,10.28,10.3,10.27,10.69,,,10.47,10.71
2026-04-09,Kolkata,Google,Google - UACe,SPEND,2804.65,19925.57,66872.03,27938.2,40.2,93127.33,22814.15,14486.83
2026-04-09,Kolkata,Google,Google - UACe,CLICKS,603,4186,14709,6073,45.1,20243,4847,3492
2026-04-09,Kolkata,Google,Google - UACe,CPC,4.65,4.76,4.55,4.6,,,4.71,4.15
2026-04-09,Kolkata,Google,Google - Search,SPEND,0,0,0,0,,0.0,0,0
2026-04-09,Kolkata,Google,Google - Search,CLICKS,0,0,0,0,,0,0,0
2026-04-09,Kolkata,Google,Google - Search,CPC,0.0,0.0,0.0,0.0,,,0.0,0.0
2026-04-09,Kolkata,Google,Google - Total,SPEND,9843.32,82624.32,282432.49,95845.15,16.0,319483.83,76803.49,61876.85
2026-04-09,Kolkata,Google,Google - Total,CLICKS,5039,29204,96655,57301,96.2,191003,48322,38858
2026-04-09,Kolkata,Google,Google - Total,CPC,1.95,2.83,2.92,1.67,,,1.59,1.59
2026-04-09,Kolkata,Meta,Facebook - Catalog,SPEND,7908.23,65296.28,230148.1,75742.31,16.0,252474.37,59468.18,53082.47
2026-04-09,Kolkata,Meta,Facebook - Catalog,CLICKS,1869,14837,53426,18128,22.2,60426,14403,11993
2026-04-09,Kolkata,Meta,Facebook - Catalog,CPC,4.23,4.4,4.31,4.18,,,4.13,4.43
2026-04-09,Kolkata,Meta,Facebook - Conversion,SPEND,4033.33,15344.01,53230.76,33813.45,120.4,112711.5,28867.7,13640.27
2026-04-09,Kolkata,Meta,Facebook - Conversion,CLICKS,608,1810,5872,5007,176.6,16690,4283,1701
2026-04-09,Kolkata,Meta,Facebook - Conversion,CPC,6.63,8.48,9.07,6.75,,,6.74,8.02
2026-04-09,Kolkata,Meta,Facebook - Total,SPEND,11941.56,80640.29,283378.86,109555.76,35.9,365185.87,88335.88,66722.74
2026-04-09,Kolkata,Meta,Facebook - Total,CLICKS,2477,16647,59298,23135,39.0,77116,18686,13694
2026-04-09,Kolkata,Meta,Facebook - Total,CPC,4.82,4.84,4.78,4.74,,,4.73,4.87
2026-04-09,Lucknow,Google,Google - PMAX,SPEND,7932.23,66556.0,235332.32,77703.03,16.7,259010.1,57556.9,73624.16
2026-04-09,Lucknow,Google,Google - PMAX,CLICKS,8018,16875,211373,94980,462.8,316600,66699,101894
2026-04-09,Lucknow,Google,Google - PMAX,CPC,0.99,3.94,1.11,0.82,,,0.86,0.72
2026-04-09,Lucknow,Google,Google - UACi,SPEND,0,0,0,0,,0.0,0,0
2026-04-09,Lucknow,Google,Google - UACi,CLICKS,0,0,0,0,,0,0,0
2026-04-09,Lucknow,Google,Google - UACi,CPC,0.0,0.0,0.0,0.0,,,0.0,0.0
2026-04-09,Lucknow,Google,Google - UACe,SPEND,170.49,0,0,4774.2,,15914.0,4774.2,0
2026-04-09,Lucknow,Google,Google - UACe,CLICKS,37,0,0,1858,,6193,1858,0
2026-04-09,Lucknow,Google,Google - UACe,CPC,4.61,0.0,0.0,2.57,,,2.57,0.0
2026-04-09,Lucknow,Google,Google - Search,SPEND,1957.61,14058.38,53454.65,17077.7,21.5,56925.67,13366.83,12744.26
2026-04-09,Lucknow,Google,Google - Search,CLICKS,605,3698,15083,5414,46.4,18046,4340,3777
2026-04-09,Lucknow,Google,Google - Search,CPC,3.24,3.8,3.54,3.15,,,3.08,3.37
2026-04-09,Lucknow,Google,Google - Total,SPEND,10060.32,80614.37,288786.97,99554.94,23.5,331849.8,75697.93,86368.42
2026-04-09,Lucknow,Google,Google - Total,CLICKS,8660,20573,226456,102252,397.0,340840,72897,105671
2026-04-09,Lucknow,Google,Google - Total,CPC,1.16,3.92,1.28,0.97,,,1.04,0.82
2026-04-09,Lucknow,Meta,Facebook - Catalog,SPEND,9204.72,74537.9,290439.66,87885.76,17.9,292952.53,67876.67,69355.94
2026-04-09,Lucknow,Meta,Facebook - Catalog,CLICKS,2801,21600,83205,24853,15.1,82843,19413,18608
2026-04-09,Lucknow,Meta,Facebook - Catalog,CPC,3.29,3.45,3.49,3.54,,,3.5,3.73
2026-04-09,Lucknow,Meta,Facebook - Conversion,SPEND,5241.85,25623.86,88475.6,43414.56,69.4,144715.2,36066.8,21373.39
2026-04-09,Lucknow,Meta,Facebook - Conversion,CLICKS,570,2722,8817,4743,74.2,15810,3959,2159
2026-04-09,Lucknow,Meta,Facebook - Conversion,CPC,9.2,9.41,10.03,9.15,,,9.11,9.9
2026-04-09,Lucknow,Meta,Facebook - Total,SPEND,14446.57,100161.76,378915.26,131300.32,31.1,437667.73,103943.47,90729.33
2026-04-09,Lucknow,Meta,Facebook - Total,CLICKS,3371,24322,92022,29596,21.7,98653,23372,20767
2026-04-09,Lucknow,Meta,Facebook - Total,CPC,4.29,4.12,4.12,4.44,,,4.45,4.37
2026-04-09,Mumbai,Google,Google - PMAX,SPEND,14929.11,101359.28,437931.89,133808.94,32.0,446029.8,103499.35,108357.32
2026-04-09,Mumbai,Google,Google - PMAX,CLICKS,6140,16237,193739,59588,267.0,198626,46041,46483
2026-04-09,Mumbai,Google,Google - PMAX,CPC,2.43,6.24,2.26,2.25,,,2.25,2.33
2026-04-09,Mumbai,Google,Google - UACi,SPEND,5390.3,40087.17,138086.95,46855.63,16.9,156185.43,37820.92,29723.36
2026-04-09,Mumbai,Google,Google - UACi,CLICKS,439,3865,13089,4334,12.1,14446,3417,2899
2026-04-09,Mumbai,Google,Google - UACi,CPC,12.28,10.37,10.55,10.81,,,11.07,10.25
2026-04-09,Mumbai,Google,Google - UACe,SPEND,7766.63,62257.81,216499.12,96124.86,54.4,320416.2,79156.88,51246.4
2026-04-09,Mumbai,Google,Google - UACe,CLICKS,1425,10484,37878,19543,86.4,65143,16398,9067
2026-04-09,Mumbai,Google,Google - UACe,CPC,5.45,5.94,5.72,4.92,,,4.83,5.65
2026-04-09,Mumbai,Google,Google - Search,SPEND,4489.73,51136.44,183914.9,41750.93,-18.4,139169.77,34449.05,31744.27
2026-04-09,Mumbai,Google,Google - Search,CLICKS,1086,9159,36614,11504,25.6,38346,9088,8333
2026-04-09,Mumbai,Google,Google - Search,CPC,4.13,5.58,5.02,3.63,,,3.79,3.81
2026-04-09,Mumbai,Google,Google - Total,SPEND,32575.77,254840.71,976432.87,318540.35,25.0,1061801.17,254926.2,221071.35
2026-04-09,Mumbai,Google,Google - Total,CLICKS,9090,39745,281320,94969,138.9,316563,74944,66782
2026-04-09,Mumbai,Google,Google - Total,CPC,3.58,6.41,3.47,3.35,,,3.4,3.31
2026-04-09,Mumbai,Meta,Facebook - Catalog,SPEND,30233.23,226918.74,792160.58,304998.7,34.4,1016662.33,245638.52,181952.02
2026-04-09,Mumbai,Meta,Facebook - Catalog,CLICKS,8017,65057,221039,73732,13.3,245773,58912,44335
2026-04-09,Mumbai,Meta,Facebook - Catalog,CPC,3.77,3.49,3.58,4.14,,,4.17,4.1
2026-04-09,Mumbai,Meta,Facebook - Conversion,SPEND,7629.95,57397.26,220242.25,65967.86,14.9,219892.87,51122.34,52270.93
2026-04-09,Mumbai,Meta,Facebook - Conversion,CLICKS,699,4468,16484,5280,18.2,17600,4022,3849
2026-04-09,Mumbai,Meta,Facebook - Conversion,CPC,10.92,12.85,13.36,12.49,,,12.71,13.58
2026-04-09,Mumbai,Meta,Facebook - Total,SPEND,37863.18,284316.0,1012402.83,370966.56,30.5,1236555.2,296760.86,234222.95
2026-04-09,Mumbai,Meta,Facebook - Total,CLICKS,8716,69525,237523,79012,13.6,263373,62934,48184
2026-04-09,Mumbai,Meta,Facebook - Total,CPC,4.34,4.09,4.26,4.7,,,4.72,4.86
2026-04-09,Pan India,Google,Google - PMAX,SPEND,0,0,0,0,,0.0,0,0
2026-04-09,Pan India,Google,Google - PMAX,CLICKS,0,0,0,0,,0,0,0
2026-04-09,Pan India,Google,Google - PMAX,CPC,0.0,0.0,0.0,0.0,,,0.0,0.0
2026-04-09,Pan India,Google,Google - UACi,SPEND,31406.56,204737.15,695238.95,237807.39,16.2,792691.3,191382.65,154332.85
2026-04-09,Pan India,Google,Google - UACi,CLICKS,6638,45730,183710,56806,24.2,189353,44548,42758
2026-04-09,Pan India,Google,Google - UACi,CPC,4.73,4.48,3.78,4.19,,,4.3,3.61
2026-04-09,Pan India,Google,Google - UACe,SPEND,14056.87,162634.89,633902.88,158399.28,-2.6,527997.6,111646.04,195864.96
2026-04-09,Pan India,Google,Google - UACe,CLICKS,4831,64416,234453,52650,-18.3,175500,36314,65644
2026-04-09,Pan India,Google,Google - UACe,CPC,2.91,2.52,2.7,3.01,,,3.07,2.98
2026-04-09,Pan India,Google,Google - Search,SPEND,0,0,0,0,,0.0,0,0
2026-04-09,Pan India,Google,Google - Search,CLICKS,0,0,0,0,,0,0,0
2026-04-09,Pan India,Google,Google - Search,CPC,0.0,0.0,0.0,0.0,,,0.0,0.0
2026-04-09,Pan India,Google,Google - Total,SPEND,59230.14,480244.81,1610270.29,498914.77,3.9,1663049.23,385621.49,411531.63
2026-04-09,Pan India,Google,Google - Total,CLICKS,26095,176960,598281,199852,12.9,666173,156475,151545
2026-04-09,Pan India,Google,Google - Total,CPC,2.27,2.71,2.69,2.5,,,2.46,2.72
2026-04-09,Pan India,Meta,Facebook - Catalog,SPEND,32962.46,51327.94,681625.62,301469.61,487.3,1004898.7,234940.36,240423.65
2026-04-09,Pan India,Meta,Facebook - Catalog,CLICKS,14176,9898,248636,128321,1196.4,427736,100136,100336
2026-04-09,Pan India,Meta,Facebook - Catalog,CPC,2.33,5.19,2.74,2.35,,,2.35,2.4
2026-04-09,Pan India,Meta,Facebook - Conversion,SPEND,11008.99,27469.11,113411.74,72208.13,162.9,240693.77,57039.04,48699.95
2026-04-09,Pan India,Meta,Facebook - Conversion,CLICKS,922,1518,5677,4448,193.0,14826,3573,2484
2026-04-09,Pan India,Meta,Facebook - Conversion,CPC,11.94,18.1,19.98,16.23,,,15.96,19.61
2026-04-09,Pan India,Meta,Facebook - Total,SPEND,43971.45,78797.05,795037.36,373677.74,374.2,1245592.47,291979.4,289123.6
2026-04-09,Pan India,Meta,Facebook - Total,CLICKS,15098,11416,254313,132769,1063.0,442563,103709,102820
2026-04-09,Pan India,Meta,Facebook - Total,CPC,2.91,6.9,3.13,2.81,,,2.82,2.81
2026-04-09,Patna,Google,Google - PMAX,SPEND,1215.81,11382.54,36456.4,10948.92,-3.8,36496.4,8790.16,8059.15
2026-04-09,Patna,Google,Google - PMAX,CLICKS,1818,7258,73495,14726,102.9,49086,12049,11630
2026-04-09,Patna,Google,Google - PMAX,CPC,0.67,1.57,0.5,0.74,,,0.73,0.69
2026-04-09,Patna,Google,Google - UACi,SPEND,0,0,0,0,,0.0,0,0
2026-04-09,Patna,Google,Google - UACi,CLICKS,0,0,0,0,,0,0,0
2026-04-09,Patna,Google,Google - UACi,CPC,0.0,0.0,0.0,0.0,,,0.0,0.0
2026-04-09,Patna,Google,Google - UACe,SPEND,440.46,0,0,4799.57,,15998.57,4799.57,0
2026-04-09,Patna,Google,Google - UACe,CLICKS,242,0,0,2150,,7166,2150,0
2026-04-09,Patna,Google,Google - UACe,CPC,1.82,0.0,0.0,2.23,,,2.23,0.0
2026-04-09,Patna,Google,Google - Search,SPEND,0,0,0,0,,0.0,0,0
2026-04-09,Patna,Google,Google - Search,CLICKS,0,0,0,0,,0,0,0
2026-04-09,Patna,Google,Google - Search,CPC,0.0,0.0,0.0,0.0,,,0.0,0.0
2026-04-09,Patna,Google,Google - Total,SPEND,1656.27,11382.54,36456.4,15748.49,38.4,52494.97,13589.73,8059.15
2026-04-09,Patna,Google,Google - Total,CLICKS,2060,7258,73495,16876,132.5,56253,14199,11630
2026-04-09,Patna,Google,Google - Total,CPC,0.8,1.57,0.5,0.93,,,0.96,0.69
2026-04-09,Patna,Meta,Facebook - Catalog,SPEND,665.38,15721.42,37903.3,8432.51,-46.4,28108.37,6990.71,7108.4
2026-04-09,Patna,Meta,Facebook - Catalog,CLICKS,201,3673,9430,1982,-46.0,6606,1586,1304
2026-04-09,Patna,Meta,Facebook - Catalog,CPC,3.31,4.28,4.02,4.25,,,4.41,5.45
2026-04-09,Patna,Meta,Facebook - Conversion,SPEND,1947.26,15219.1,54862.52,17128.82,12.5,57096.07,13347.95,12710.65
2026-04-09,Patna,Meta,Facebook - Conversion,CLICKS,205,1584,5193,2066,30.4,6886,1575,1413
2026-04-09,Patna,Meta,Facebook - Conversion,CPC,9.5,9.61,10.56,8.29,,,8.47,9.0
2026-04-09,Patna,Meta,Facebook - Total,SPEND,2612.64,30940.52,92765.82,25561.33,-17.4,85204.43,20338.66,19819.05
2026-04-09,Patna,Meta,Facebook - Total,CLICKS,406,5257,14623,4048,-23.0,13493,3161,2717
2026-04-09,Patna,Meta,Facebook - Total,CPC,6.44,5.89,6.34,6.31,,,6.43,7.29
2026-04-09,Pune,Google,Google - PMAX,SPEND,21222.31,126042.13,625529.43,183477.86,45.6,611592.87,146809.03,139881.0
2026-04-09,Pune,Google,Google - PMAX,CLICKS,14783,15670,408306,192357,1127.5,641190,161134,123371
2026-04-09,Pune,Google,Google - PMAX,CPC,1.44,8.04,1.53,0.95,,,0.91,1.13
2026-04-09,Pune,Google,Google - UACi,SPEND,9153.02,58498.27,210415.26,77655.22,32.7,258850.73,62635.05,47365.57
2026-04-09,Pune,Google,Google - UACi,CLICKS,1049,6674,23651,8961,34.3,29870,7172,5657
2026-04-09,Pune,Google,Google - UACi,CPC,8.73,8.77,8.9,8.67,,,8.73,8.37
2026-04-09,Pune,Google,Google - UACe,SPEND,5178.08,29171.94,168355.58,69697.63,138.9,232325.43,58081.5,54575.86
2026-04-09,Pune,Google,Google - UACe,CLICKS,2039,6582,54846,22745,245.6,75816,19429,17386
2026-04-09,Pune,Google,Google - UACe,CPC,2.54,4.43,3.07,3.06,,,2.99,3.14
2026-04-09,Pune,Google,Google - Search,SPEND,3678.17,26606.06,122595.29,37488.13,40.9,124960.43,29119.44,33357.52
2026-04-09,Pune,Google,Google - Search,CLICKS,913,6331,25668,9454,49.3,31513,7566,6861
2026-04-09,Pune,Google,Google - Search,CPC,4.03,4.2,4.78,3.97,,,3.85,4.86
2026-04-09,Pune,Google,Google - Total,SPEND,39231.57,240318.4,1126895.56,368318.84,53.3,1227729.47,296645.01,275179.95
2026-04-09,Pune,Google,Google - Total,CLICKS,18784,35257,512471,233517,562.3,778390,195301,153275
2026-04-09,Pune,Google,Google - Total,CPC,2.09,6.82,2.2,1.58,,,1.52,1.8
2026-04-09,Pune,Meta,Facebook - Catalog,SPEND,46853.91,236614.87,1123809.75,418684.37,76.9,1395614.57,328726.0,333977.8
2026-04-09,Pune,Meta,Facebook - Catalog,CLICKS,11570,55556,268553,102037,83.7,340123,79806,80995
2026-04-09,Pune,Meta,Facebook - Catalog,CPC,4.05,4.26,4.18,4.1,,,4.12,4.12
2026-04-09,Pune,Meta,Facebook - Conversion,SPEND,9021.34,52242.6,195462.77,78531.14,50.3,261770.47,62395.78,48706.6
2026-04-09,Pune,Meta,Facebook - Conversion,CLICKS,847,4339,16708,7322,68.7,24406,5788,4721
2026-04-09,Pune,Meta,Facebook - Conversion,CPC,10.65,12.04,11.7,10.73,,,10.78,10.32
2026-04-09,Pune,Meta,Facebook - Total,SPEND,55875.25,288857.47,1319272.52,497215.51,72.1,1657385.03,391121.78,382684.4
2026-04-09,Pune,Meta,Facebook - Total,CLICKS,12417,59895,285261,109359,82.6,364530,85594,85716
2026-04-09,Pune,Meta,Facebook - Total,CPC,4.5,4.82,4.62,4.55,,,4.57,4.46
2026-04-09,Surat,Google,Google - PMAX,SPEND,1687.87,25605.02,84947.11,24239.24,-5.3,80797.47,18926.09,19497.54
2026-04-09,Surat,Google,Google - PMAX,CLICKS,330,33863,113252,28714,-15.2,95713,15557,33984
2026-04-09,Surat,Google,Google - PMAX,CPC,5.11,0.76,0.75,0.84,,,1.22,0.57
2026-04-09,Surat,Google,Google - UACi,SPEND,0,0,0,0,,0.0,0,0
2026-04-09,Surat,Google,Google - UACi,CLICKS,0,0,0,0,,0,0,0
2026-04-09,Surat,Google,Google - UACi,CPC,0.0,0.0,0.0,0.0,,,0.0,0.0
2026-04-09,Surat,Google,Google - UACe,SPEND,207.1,0,0,4629.67,,15432.23,4629.67,0
2026-04-09,Surat,Google,Google - UACe,CLICKS,69,0,0,1705,,5683,1705,0
2026-04-09,Surat,Google,Google - UACe,CPC,3.0,0.0,0.0,2.72,,,2.72,0.0
2026-04-09,Surat,Google,Google - Search,SPEND,0,0,0,0,,0.0,0,0
2026-04-09,Surat,Google,Google - Search,CLICKS,0,0,0,0,,0,0,0
2026-04-09,Surat,Google,Google - Search,CPC,0.0,0.0,0.0,0.0,,,0.0,0.0
2026-04-09,Surat,Google,Google - Total,SPEND,1894.97,25605.02,84947.11,28868.9,12.7,96229.67,23555.76,19497.54
2026-04-09,Surat,Google,Google - Total,CLICKS,399,33863,113252,30419,-10.2,101396,17262,33984
2026-04-09,Surat,Google,Google - Total,CPC,4.75,0.76,0.75,0.95,,,1.36,0.57
2026-04-09,Surat,Meta,Facebook - Catalog,SPEND,4134.61,39487.53,136582.65,40162.48,1.7,133874.93,31406.95,30252.17
2026-04-09,Surat,Meta,Facebook - Catalog,CLICKS,1155,12097,38650,11303,-6.6,37676,8961,7603
2026-04-09,Surat,Meta,Facebook - Catalog,CPC,3.58,3.26,3.53,3.55,,,3.5,3.98
2026-04-09,Surat,Meta,Facebook - Conversion,SPEND,1539.68,12417.46,43931.25,13463.75,8.4,44879.17,10422.34,10327.77
2026-04-09,Surat,Meta,Facebook - Conversion,CLICKS,127,1073,3756,1180,10.0,3933,869,961
2026-04-09,Surat,Meta,Facebook - Conversion,CPC,12.12,11.57,11.7,11.41,,,11.99,10.75
2026-04-09,Surat,Meta,Facebook - Total,SPEND,5674.29,51904.99,180513.9,53626.23,3.3,178754.1,41829.29,40579.94
2026-04-09,Surat,Meta,Facebook - Total,CLICKS,1282,13170,42406,12483,-5.2,41610,9830,8564
2026-04-09,Surat,Meta,Facebook - Total,CPC,4.43,3.94,4.26,4.3,,,4.26,4.74
2026-04-09,Vadodara,Google,Google - PMAX,SPEND,2981.3,23742.57,79633.3,25512.47,7.5,85041.57,20204.22,14705.55
2026-04-09,Vadodara,Google,Google - PMAX,CLICKS,1953,29788,87247,17098,-42.6,56993,13181,8923
2026-04-09,Vadodara,Google,Google - PMAX,CPC,1.53,0.8,0.91,1.49,,,1.53,1.65
2026-04-09,Vadodara,Google,Google - UACi,SPEND,0,0,0,0,,0.0,0,0
2026-04-09,Vadodara,Google,Google - UACi,CLICKS,0,0,0,0,,0,0,0
2026-04-09,Vadodara,Google,Google - UACi,CPC,0.0,0.0,0.0,0.0,,,0.0,0.0
2026-04-09,Vadodara,Google,Google - UACe,SPEND,136.52,0,0,4677.26,,15590.87,4677.26,0
2026-04-09,Vadodara,Google,Google - UACe,CLICKS,39,0,0,1503,,5010,1503,0
2026-04-09,Vadodara,Google,Google - UACe,CPC,3.5,0.0,0.0,3.11,,,3.11,0.0
2026-04-09,Vadodara,Google,Google - Search,SPEND,0,0,0,0,,0.0,0,0
2026-04-09,Vadodara,Google,Google - Search,CLICKS,0,0,0,0,,0,0,0
2026-04-09,Vadodara,Google,Google - Search,CPC,0.0,0.0,0.0,0.0,,,0.0,0.0
2026-04-09,Vadodara,Google,Google - Total,SPEND,3117.82,23742.57,79633.3,30189.73,27.2,100632.43,24881.48,14705.55
2026-04-09,Vadodara,Google,Google - Total,CLICKS,1992,29788,87247,18601,-37.6,62003,14684,8923
2026-04-09,Vadodara,Google,Google - Total,CPC,1.57,0.8,0.91,1.62,,,1.69,1.65
2026-04-09,Vadodara,Meta,Facebook - Catalog,SPEND,2622.77,24534.75,85451.03,25019.96,2.0,83399.87,19582.19,19203.38
2026-04-09,Vadodara,Meta,Facebook - Catalog,CLICKS,685,6034,20139,5984,-0.8,19946,4734,4176
2026-04-09,Vadodara,Meta,Facebook - Catalog,CPC,3.83,4.07,4.24,4.18,,,4.14,4.6
2026-04-09,Vadodara,Meta,Facebook - Conversion,SPEND,774.87,7519.24,22638.95,6817.2,-9.3,22724.0,5246.76,4843.47
2026-04-09,Vadodara,Meta,Facebook - Conversion,CLICKS,67,584,1657,504,-13.7,1680,384,359
2026-04-09,Vadodara,Meta,Facebook - Conversion,CPC,11.57,12.88,13.66,13.53,,,13.66,13.49
2026-04-09,Vadodara,Meta,Facebook - Total,SPEND,3397.64,32053.99,108089.98,31837.16,-0.7,106123.87,24828.95,24046.85
2026-04-09,Vadodara,Meta,Facebook - Total,CLICKS,752,6618,21796,6488,-2.0,21626,5118,4535
2026-04-09,Vadodara,Meta,Facebook - Total,CPC,4.52,4.84,4.96,4.91,,,4.85,5.3
2026-04-10,Ahmedabad,Google,Google - PMAX,SPEND,12298.44,138995.86,370905.78,121636.69,-12.5,364910.07,86932.34,79333.08
2026-04-10,Ahmedabad,Google,Google - PMAX,CLICKS,9911,130249,384085,89887,-31.0,269661,65369,40691
2026-04-10,Ahmedabad,Google,Google - PMAX,CPC,1.24,1.07,0.97,1.35,,,1.33,1.95
2026-04-10,Ahmedabad,Google,Google - UACi,SPEND,7558.73,66403.74,186378.59,70638.42,6.4,211915.26,49909.87,43734.08
2026-04-10,Ahmedabad,Google,Google - UACi,CLICKS,703,6865,18885,6471,-5.7,19413,4616,4196
2026-04-10,Ahmedabad,Google,Google - UACi,CPC,10.75,9.67,9.87,10.92,,,10.81,10.42
2026-04-10,Ahmedabad,Google,Google - UACe,SPEND,1392.64,20128.24,52779.01,30213.87,50.1,90641.61,24912.15,13922.95
2026-04-10,Ahmedabad,Google,Google - UACe,CLICKS,406,4470,12954,11472,156.6,34416,9995,3706
2026-04-10,Ahmedabad,Google,Google - UACe,CPC,3.43,4.5,4.07,2.63,,,2.49,3.76
2026-04-10,Ahmedabad,Google,Google - Search,SPEND,3967.27,30886.75,105031.23,36846.87,19.3,110540.61,25958.92,26447.52
2026-04-10,Ahmedabad,Google,Google - Search,CLICKS,941,7197,25401,8770,21.9,26310,6100,6284
2026-04-10,Ahmedabad,Google,Google - Search,CPC,4.22,4.29,4.13,4.2,,,4.26,4.21
2026-04-10,Ahmedabad,Google,Google - Total,SPEND,25217.08,256414.6,715094.62,259335.84,1.1,778007.52,187713.28,163437.62
2026-04-10,Ahmedabad,Google,Google - Total,CLICKS,11961,148781,441325,116600,-21.6,349800,86080,54877
2026-04-10,Ahmedabad,Google,Google - Total,CPC,2.11,1.72,1.62,2.22,,,2.18,2.98
2026-04-10,Ahmedabad,Meta,Facebook - Catalog,SPEND,23872.51,174631.92,695108.37,261871.0,50.0,785613.0,181087.84,193330.46
2026-04-10,Ahmedabad,Meta,Facebook - Catalog,CLICKS,6695,44921,170251,68856,53.3,206568,49103,47118
2026-04-10,Ahmedabad,Meta,Facebook - Catalog,CPC,3.57,3.89,4.08,3.8,,,3.69,4.1
2026-04-10,Ahmedabad,Meta,Facebook - Conversion,SPEND,10844.18,79355.89,254309.53,111787.79,40.9,335363.37,82280.29,62312.1
2026-04-10,Ahmedabad,Meta,Facebook - Conversion,CLICKS,1327,6970,22117,10448,49.9,31344,7729,5708
2026-04-10,Ahmedabad,Meta,Facebook - Conversion,CPC,8.17,11.39,11.5,10.7,,,10.65,10.92
2026-04-10,Ahmedabad,Meta,Facebook - Total,SPEND,34716.69,253987.81,949417.9,373658.79,47.1,1120976.37,263368.13,255642.56
2026-04-10,Ahmedabad,Meta,Facebook - Total,CLICKS,8022,51891,192368,79304,52.8,237912,56832,52826
2026-04-10,Ahmedabad,Meta,Facebook - Total,CPC,4.33,4.89,4.94,4.71,,,4.63,4.84
2026-04-10,Bangalore,Google,Google - PMAX,SPEND,50801.49,554013.38,1722744.2,639230.26,15.4,1917690.78,441940.84,578593.1
2026-04-10,Bangalore,Google,Google - PMAX,CLICKS,31696,242832,843427,487235,100.6,1461705,310623,342488
2026-04-10,Bangalore,Google,Google - PMAX,CPC,1.6,2.28,2.04,1.31,,,1.42,1.69
2026-04-10,Bangalore,Google,Google - UACi,SPEND,19696.32,186622.79,569844.71,181361.44,-2.8,544084.32,128005.34,127405.59
2026-04-10,Bangalore,Google,Google - UACi,CLICKS,4249,27116,100130,31011,14.4,93033,22826,23262
2026-04-10,Bangalore,Google,Google - UACi,CPC,4.64,6.88,5.69,5.85,,,5.61,5.48
2026-04-10,Bangalore,Google,Google - UACe,SPEND,27800.76,302253.16,1009062.89,355928.36,17.8,1067785.08,245785.83,284283.77
2026-04-10,Bangalore,Google,Google - UACe,CLICKS,5721,57355,211250,71044,23.9,213132,49398,58100
2026-04-10,Bangalore,Google,Google - UACe,CPC,4.86,5.27,4.78,5.01,,,4.98,4.89
2026-04-10,Bangalore,Google,Google - Search,SPEND,10564.58,84253.15,320357.04,109276.68,29.7,327830.04,76607.22,83234.98
2026-04-10,Bangalore,Google,Google - Search,CLICKS,2093,17168,60500,22388,30.4,67164,15806,15434
2026-04-10,Bangalore,Google,Google - Search,CPC,5.05,4.91,5.3,4.88,,,4.85,5.39
2026-04-10,Bangalore,Google,Google - Total,SPEND,114264.75,1186203.76,3782417.22,1339815.23,12.9,4019445.69,929849.98,1108835.14
2026-04-10,Bangalore,Google,Google - Total,CLICKS,45418,384822,1357638,636717,65.5,1910151,413825,469033
2026-04-10,Bangalore,Google,Google - Total,CPC,2.52,3.08,2.79,2.1,,,2.25,2.36
2026-04-10,Bangalore,Meta,Facebook - Catalog,SPEND,74292.83,540048.98,2112794.61,784004.27,45.2,2352012.81,537271.68,590532.43
2026-04-10,Bangalore,Meta,Facebook - Catalog,CLICKS,14400,92506,438090,159066,72.0,477198,106692,138274
2026-04-10,Bangalore,Meta,Facebook - Catalog,CPC,5.16,5.84,4.82,4.93,,,5.04,4.27
2026-04-10,Bangalore,Meta,Facebook - Conversion,SPEND,22953.76,209221.03,627035.82,253350.02,21.1,760050.06,186389.22,144708.49
2026-04-10,Bangalore,Meta,Facebook - Conversion,CLICKS,2821,13812,46306,24026,74.0,72078,17202,14063
2026-04-10,Bangalore,Meta,Facebook - Conversion,CPC,8.14,15.15,13.54,10.54,,,10.84,10.29
2026-04-10,Bangalore,Meta,Facebook - Total,SPEND,97246.59,749270.01,2739830.43,1037354.29,38.4,3112062.87,723660.9,735240.92
2026-04-10,Bangalore,Meta,Facebook - Total,CLICKS,17221,106318,484396,183092,72.2,549276,123894,152337
2026-04-10,Bangalore,Meta,Facebook - Total,CPC,5.65,7.05,5.66,5.67,,,5.84,4.83
2026-04-10,Chandigarh,Google,Google - PMAX,SPEND,5385.69,64120.19,174669.59,59996.37,-6.4,179989.11,42979.86,41764.68
2026-04-10,Chandigarh,Google,Google - PMAX,CLICKS,4330,70214,176189,47145,-32.9,141435,35964,18024
2026-04-10,Chandigarh,Google,Google - PMAX,CPC,1.24,0.91,0.99,1.27,,,1.2,2.32
2026-04-10,Chandigarh,Google,Google - UACi,SPEND,3071.75,26498.02,77388.22,27109.73,2.3,81329.19,19554.21,16590.84
2026-04-10,Chandigarh,Google,Google - UACi,CLICKS,276,3153,8452,2620,-16.9,7860,1839,1818
2026-04-10,Chandigarh,Google,Google - UACi,CPC,11.13,8.4,9.16,10.35,,,10.63,9.13
2026-04-10,Chandigarh,Google,Google - UACe,SPEND,2464.18,27498.09,84063.1,31872.39,15.9,95617.17,23464.92,17811.87
2026-04-10,Chandigarh,Google,Google - UACe,CLICKS,539,5851,18800,6539,11.8,19617,4912,3459
2026-04-10,Chandigarh,Google,Google - UACe,CPC,4.57,4.7,4.47,4.87,,,4.78,5.15
2026-04-10,Chandigarh,Google,Google - Search,SPEND,1718.29,12882.36,44198.48,15882.88,23.3,47648.64,11193.67,10480.06
2026-04-10,Chandigarh,Google,Google - Search,CLICKS,312,3280,10844,3908,19.1,11724,2767,2447
2026-04-10,Chandigarh,Google,Google - Search,CPC,5.51,3.93,4.08,4.06,,,4.05,4.28
2026-04-10,Chandigarh,Google,Google - Total,SPEND,12639.91,130998.65,380319.39,134861.37,2.9,404584.11,97192.67,86647.46
2026-04-10,Chandigarh,Google,Google - Total,CLICKS,5457,82498,214285,60212,-27.0,180636,45482,25748
2026-04-10,Chandigarh,Google,Google - Total,CPC,2.32,1.59,1.77,2.24,,,2.14,3.37
2026-04-10,Chandigarh,Meta,Facebook - Catalog,SPEND,11460.11,118925.91,382166.48,125287.05,5.3,375861.15,87607.5,88047.05
2026-04-10,Chandigarh,Meta,Facebook - Catalog,CLICKS,1897,21748,63674,21150,-2.7,63450,15046,14246
2026-04-10,Chandigarh,Meta,Facebook - Catalog,CPC,6.04,5.47,6.0,5.92,,,5.82,6.18
2026-04-10,Chandigarh,Meta,Facebook - Conversion,SPEND,2701.72,28571.08,91232.04,31605.06,10.6,94815.18,22208.24,21175.31
2026-04-10,Chandigarh,Meta,Facebook - Conversion,CLICKS,293,2267,7021,2773,22.3,8319,1927,1865
2026-04-10,Chandigarh,Meta,Facebook - Conversion,CPC,9.22,12.6,12.99,11.4,,,11.52,11.35
2026-04-10,Chandigarh,Meta,Facebook - Total,SPEND,14161.83,147496.99,473398.52,156892.11,6.4,470676.33,109815.74,109222.36
2026-04-10,Chandigarh,Meta,Facebook - Total,CLICKS,2190,24015,70695,23923,-0.4,71769,16973,16111
2026-04-10,Chandigarh,Meta,Facebook - Total,CPC,6.47,6.14,6.7,6.56,,,6.47,6.78
2026-04-10,Chennai,Google,Google - PMAX,SPEND,12965.76,149402.64,549420.83,193178.92,29.3,579536.76,131933.71,146553.44
2026-04-10,Chennai,Google,Google - PMAX,CLICKS,9769,107694,548963,144674,34.3,434022,94008,140993
2026-04-10,Chennai,Google,Google - PMAX,CPC,1.33,1.39,1.0,1.34,,,1.4,1.04
2026-04-10,Chennai,Google,Google - UACi,SPEND,7942.17,65553.63,199761.18,76354.0,16.5,229062.0,55067.78,45014.56
2026-04-10,Chennai,Google,Google - UACi,CLICKS,878,8290,24386,8687,4.8,26061,6356,5254
2026-04-10,Chennai,Google,Google - UACi,CPC,9.05,7.91,8.19,8.79,,,8.66,8.57
2026-04-10,Chennai,Google,Google - UACe,SPEND,5038.28,24060.21,85144.64,56074.0,133.1,168222.0,44142.79,29595.94
2026-04-10,Chennai,Google,Google - UACe,CLICKS,1509,3828,13839,12888,236.7,38664,11235,4396
2026-04-10,Chennai,Google,Google - UACe,CPC,3.34,6.29,6.15,4.35,,,3.93,6.73
2026-04-10,Chennai,Google,Google - Search,SPEND,1355.91,0,0,8713.42,,26140.26,8713.42,0
2026-04-10,Chennai,Google,Google - Search,CLICKS,464,0,0,1562,,4686,1562,0
2026-04-10,Chennai,Google,Google - Search,CPC,2.92,0.0,0.0,5.58,,,5.58,0.0
2026-04-10,Chennai,Google,Google - Total,SPEND,27302.13,239016.48,834326.65,334320.34,39.9,1002961.02,239857.7,221163.93
2026-04-10,Chennai,Google,Google - Total,CLICKS,12620,119812,587188,167811,40.1,503433,113161,150643
2026-04-10,Chennai,Google,Google - Total,CPC,2.16,1.99,1.42,1.99,,,2.12,1.47
2026-04-10,Chennai,Meta,Facebook - Catalog,SPEND,20352.76,103206.67,407118.23,212490.84,105.9,637472.52,149913.26,142218.16
2026-04-10,Chennai,Meta,Facebook - Catalog,CLICKS,5990,23235,102815,59196,154.8,177588,42135,39075
2026-04-10,Chennai,Meta,Facebook - Catalog,CPC,3.4,4.44,3.96,3.59,,,3.56,3.64
2026-04-10,Chennai,Meta,Facebook - Conversion,SPEND,6460.78,35690.81,124317.29,69011.36,93.4,207034.08,50310.74,40170.76
2026-04-10,Chennai,Meta,Facebook - Conversion,CLICKS,768,2622,9331,6320,141.0,18960,4666,3471
2026-04-10,Chennai,Meta,Facebook - Conversion,CPC,8.41,13.61,13.32,10.92,,,10.78,11.57
2026-04-10,Chennai,Meta,Facebook - Total,SPEND,26813.54,138897.48,531435.52,281502.2,102.7,844506.6,200224.0,182388.92
2026-04-10,Chennai,Meta,Facebook - Total,CLICKS,6758,25857,112146,65516,153.4,196548,46801,42546
2026-04-10,Chennai,Meta,Facebook - Total,CPC,3.97,5.37,4.74,4.3,,,4.28,4.29
2026-04-10,Coimbatore,Google,Google - PMAX,SPEND,4141.99,52435.84,168065.86,55651.45,6.1,166954.35,39688.81,36975.71
2026-04-10,Coimbatore,Google,Google - PMAX,CLICKS,2381,56628,170797,35981,-36.5,107943,26308,32312
2026-04-10,Coimbatore,Google,Google - PMAX,CPC,1.74,0.93,0.98,1.55,,,1.51,1.14
2026-04-10,Coimbatore,Google,Google - UACi,SPEND,786.86,8867.21,24523.89,6739.79,-24.0,20219.37,4526.09,4330.06
2026-04-10,Coimbatore,Google,Google - UACi,CLICKS,115,1562,4412,1086,-30.5,3258,730,786
2026-04-10,Coimbatore,Google,Google - UACi,CPC,6.84,5.68,5.56,6.21,,,6.2,5.51
2026-04-10,Coimbatore,Google,Google - UACe,SPEND,871.48,9803.36,32522.1,12875.83,31.3,38627.49,10146.83,7251.55
2026-04-10,Coimbatore,Google,Google - UACe,CLICKS,259,3200,11175,4071,27.2,12213,3338,2248
2026-04-10,Coimbatore,Google,Google - UACe,CPC,3.36,3.06,2.91,3.16,,,3.04,3.23
2026-04-10,Coimbatore,Google,Google - Search,SPEND,0,2629.5,2629.5,0,-100.0,0.0,0,0
2026-04-10,Coimbatore,Google,Google - Search,CLICKS,0,688,688,0,-100.0,0,0,0
2026-04-10,Coimbatore,Google,Google - Search,CPC,0.0,3.82,3.82,0.0,,,0.0,0.0
2026-04-10,Coimbatore,Google,Google - Total,SPEND,5800.32,73735.91,227741.35,75267.08,2.1,225801.24,54361.73,48557.31
2026-04-10,Coimbatore,Google,Google - Total,CLICKS,2755,62078,187072,41138,-33.7,123414,30376,35346
2026-04-10,Coimbatore,Google,Google - Total,CPC,2.11,1.19,1.22,1.83,,,1.79,1.37
2026-04-10,Coimbatore,Meta,Facebook - Catalog,SPEND,4151.91,34030.14,92623.12,44059.66,29.5,132178.98,32718.77,22442.34
2026-04-10,Coimbatore,Meta,Facebook - Catalog,CLICKS,972,7677,22537,10674,39.0,32022,8029,5387
2026-04-10,Coimbatore,Meta,Facebook - Catalog,CPC,4.27,4.43,4.11,4.13,,,4.08,4.17
2026-04-10,Coimbatore,Meta,Facebook - Conversion,SPEND,2749.04,13281.02,41418.58,27201.95,104.8,81605.85,20674.75,12085.8
2026-04-10,Coimbatore,Meta,Facebook - Conversion,CLICKS,288,1043,3237,2431,133.1,7293,1876,1038
2026-04-10,Coimbatore,Meta,Facebook - Conversion,CPC,9.55,12.73,12.8,11.19,,,11.02,11.64
2026-04-10,Coimbatore,Meta,Facebook - Total,SPEND,6900.95,47311.16,134041.7,71261.61,50.6,213784.83,53393.52,34528.14
2026-04-10,Coimbatore,Meta,Facebook - Total,CLICKS,1260,8720,25774,13105,50.3,39315,9905,6425
2026-04-10,Coimbatore,Meta,Facebook - Total,CPC,5.48,5.43,5.2,5.44,,,5.39,5.37
2026-04-10,Delhi NCR,Google,Google - PMAX,SPEND,22104.55,275539.65,830043.5,279251.48,1.3,837754.44,180834.69,214424.45
2026-04-10,Delhi NCR,Google,Google - PMAX,CLICKS,16742,66225,729000,180862,173.1,542586,124002,124145
2026-04-10,Delhi NCR,Google,Google - PMAX,CPC,1.32,4.16,1.14,1.54,,,1.46,1.73
2026-04-10,Delhi NCR,Google,Google - UACi,SPEND,26994.19,155809.19,459171.56,192360.29,23.5,577080.87,139729.35,106446.67
2026-04-10,Delhi NCR,Google,Google - UACi,CLICKS,2985,16472,49717,21955,33.3,65865,15891,12345
2026-04-10,Delhi NCR,Google,Google - UACi,CPC,9.04,9.46,9.24,8.76,,,8.79,8.62
2026-04-10,Delhi NCR,Google,Google - UACe,SPEND,31407.78,177341.21,578785.55,304633.47,71.8,913900.41,235232.49,160768.39
2026-04-10,Delhi NCR,Google,Google - UACe,CLICKS,7189,39143,134459,65615,67.6,196845,50110,36387
2026-04-10,Delhi NCR,Google,Google - UACe,CPC,4.37,4.53,4.3,4.64,,,4.69,4.42
2026-04-10,Delhi NCR,Google,Google - Search,SPEND,10885.36,82306.22,309358.32,110920.9,34.8,332762.7,79886.83,79849.02
2026-04-10,Delhi NCR,Google,Google - Search,CLICKS,2472,18770,69637,27737,47.8,83211,19863,17260
2026-04-10,Delhi NCR,Google,Google - Search,CPC,4.4,4.38,4.44,4.0,,,4.02,4.63
2026-04-10,Delhi NCR,Google,Google - Total,SPEND,91391.88,690996.27,2177358.93,887166.14,28.4,2661498.42,635683.36,561488.53
2026-04-10,Delhi NCR,Google,Google - Total,CLICKS,29388,140610,982813,296169,110.6,888507,209866,190137
2026-04-10,Delhi NCR,Google,Google - Total,CPC,3.11,4.91,2.22,3.0,,,3.03,2.95
2026-04-10,Delhi NCR,Meta,Facebook - Catalog,SPEND,66763.38,679943.0,2599555.95,808433.78,18.9,2425301.34,547181.81,644534.76
2026-04-10,Delhi NCR,Meta,Facebook - Catalog,CLICKS,19097,168321,610123,209101,24.2,627303,147244,155834
2026-04-10,Delhi NCR,Meta,Facebook - Catalog,CPC,3.5,4.04,4.26,3.87,,,3.72,4.14
2026-04-10,Delhi NCR,Meta,Facebook - Conversion,SPEND,37720.05,304566.53,997600.2,343530.54,12.8,1030591.62,247999.39,215863.49
2026-04-10,Delhi NCR,Meta,Facebook - Conversion,CLICKS,6064,22001,71516,36380,65.4,109140,27125,19791
2026-04-10,Delhi NCR,Meta,Facebook - Conversion,CPC,6.22,13.84,13.95,9.44,,,9.14,10.91
2026-04-10,Delhi NCR,Meta,Facebook - Total,SPEND,104483.43,984509.53,3597156.15,1151964.32,17.0,3455892.96,795181.2,860398.25
2026-04-10,Delhi NCR,Meta,Facebook - Total,CLICKS,25161,190322,681639,245481,29.0,736443,174369,175625
2026-04-10,Delhi NCR,Meta,Facebook - Total,CPC,4.15,5.17,5.28,4.69,,,4.56,4.9
2026-04-10,Hyderabad,Google,Google - PMAX,SPEND,6734.45,51460.5,259674.79,91273.54,77.4,273820.62,59548.71,72767.04
2026-04-10,Hyderabad,Google,Google - PMAX,CLICKS,4497,29740,168416,96810,225.5,290430,69223,48992
2026-04-10,Hyderabad,Google,Google - PMAX,CPC,1.5,1.73,1.54,0.94,,,0.86,1.49
2026-04-10,Hyderabad,Google,Google - UACi,SPEND,7024.2,40042.07,121186.34,47658.38,19.0,142975.14,34437.09,27632.19
2026-04-10,Hyderabad,Google,Google - UACi,CLICKS,722,4526,14396,5416,19.7,16248,3870,3360
2026-04-10,Hyderabad,Google,Google - UACi,CPC,9.73,8.85,8.42,8.8,,,8.9,8.22
2026-04-10,Hyderabad,Google,Google - UACe,SPEND,2866.5,19769.6,58626.76,40528.34,105.0,121585.02,30721.24,22578.66
2026-04-10,Hyderabad,Google,Google - UACe,CLICKS,529,3395,11286,9229,171.8,27687,7254,4521
2026-04-10,Hyderabad,Google,Google - UACe,CPC,5.42,5.82,5.19,4.39,,,4.24,4.99
2026-04-10,Hyderabad,Google,Google - Search,SPEND,2429.79,13119.92,57747.15,20719.67,57.9,62159.01,14142.48,18450.72
2026-04-10,Hyderabad,Google,Google - Search,CLICKS,776,5169,18957,7980,54.4,23940,5727,5519
2026-04-10,Hyderabad,Google,Google - Search,CPC,3.13,2.54,3.05,2.6,,,2.47,3.34
2026-04-10,Hyderabad,Google,Google - Total,SPEND,19054.95,124392.09,497235.05,200179.93,60.9,600539.79,138849.52,141428.62
2026-04-10,Hyderabad,Google,Google - Total,CLICKS,6524,42830,213055,119435,178.9,358305,86074,62392
2026-04-10,Hyderabad,Google,Google - Total,CPC,2.92,2.9,2.33,1.68,,,1.61,2.27
2026-04-10,Hyderabad,Meta,Facebook - Catalog,SPEND,10740.93,92557.07,303626.44,116462.58,25.8,349387.74,82233.73,80265.81
2026-04-10,Hyderabad,Meta,Facebook - Catalog,CLICKS,2783,22373,74028,26778,19.7,80334,19457,16885
2026-04-10,Hyderabad,Meta,Facebook - Catalog,CPC,3.86,4.14,4.1,4.35,,,4.23,4.75
2026-04-10,Hyderabad,Meta,Facebook - Conversion,SPEND,5252.74,38126.13,116804.6,52161.93,36.8,156485.79,38443.67,29216.47
2026-04-10,Hyderabad,Meta,Facebook - Conversion,CLICKS,562,2614,7821,4161,59.2,12483,3139,2073
2026-04-10,Hyderabad,Meta,Facebook - Conversion,CPC,9.35,14.59,14.93,12.54,,,12.25,14.09
2026-04-10,Hyderabad,Meta,Facebook - Total,SPEND,15993.67,130683.2,420431.04,168624.51,29.0,505873.53,120677.4,109482.28
2026-04-10,Hyderabad,Meta,Facebook - Total,CLICKS,3345,24987,81849,30939,23.8,92817,22596,18958
2026-04-10,Hyderabad,Meta,Facebook - Total,CPC,4.78,5.23,5.14,5.45,,,5.34,5.77
2026-04-10,Indore,Google,Google - PMAX,SPEND,1861.05,20434.89,60774.97,22010.88,7.7,66032.64,14118.39,13906.45
2026-04-10,Indore,Google,Google - PMAX,CLICKS,2434,12690,87437,25355,99.8,76065,15978,21821
2026-04-10,Indore,Google,Google - PMAX,CPC,0.76,1.61,0.7,0.87,,,0.88,0.64
2026-04-10,Indore,Google,Google - UACi,SPEND,0,0,0,0,,0.0,0,0
2026-04-10,Indore,Google,Google - UACi,CLICKS,0,0,0,0,,0,0,0
2026-04-10,Indore,Google,Google - UACi,CPC,0.0,0.0,0.0,0.0,,,0.0,0.0
2026-04-10,Indore,Google,Google - UACe,SPEND,625.21,0,0,6440.1,,19320.3,6440.1,0
2026-04-10,Indore,Google,Google - UACe,CLICKS,198,0,0,2105,,6315,2105,0
2026-04-10,Indore,Google,Google - UACe,CPC,3.16,0.0,0.0,3.06,,,3.06,0.0
2026-04-10,Indore,Google,Google - Search,SPEND,0,0,0,0,,0.0,0,0
2026-04-10,Indore,Google,Google - Search,CLICKS,0,0,0,0,,0,0,0
2026-04-10,Indore,Google,Google - Search,CPC,0.0,0.0,0.0,0.0,,,0.0,0.0
2026-04-10,Indore,Google,Google - Total,SPEND,2486.26,20434.89,60774.97,28450.98,39.2,85352.94,20558.49,13906.45
2026-04-10,Indore,Google,Google - Total,CLICKS,2632,12690,87437,27460,116.4,82380,18083,21821
2026-04-10,Indore,Google,Google - Total,CPC,0.94,1.61,0.7,1.04,,,1.14,0.64
2026-04-10,Indore,Meta,Facebook - Catalog,SPEND,3656.82,24372.91,70993.85,37511.12,53.9,112533.36,27626.18,18645.11
2026-04-10,Indore,Meta,Facebook - Catalog,CLICKS,1079,9262,26330,11755,26.9,35265,8609,6170
2026-04-10,Indore,Meta,Facebook - Catalog,CPC,3.39,2.63,2.7,3.19,,,3.21,3.02
2026-04-10,Indore,Meta,Facebook - Conversion,SPEND,894.97,8595.95,26914.68,9180.27,6.8,27540.81,6456.48,6049.21
2026-04-10,Indore,Meta,Facebook - Conversion,CLICKS,110,1026,2918,947,-7.7,2841,692,556
2026-04-10,Indore,Meta,Facebook - Conversion,CPC,8.14,8.38,9.22,9.69,,,9.33,10.88
2026-04-10,Indore,Meta,Facebook - Total,SPEND,4551.79,32968.86,97908.53,46691.39,41.6,140074.17,34082.66,24694.32
2026-04-10,Indore,Meta,Facebook - Total,CLICKS,1189,10288,29248,12702,23.5,38106,9301,6726
2026-04-10,Indore,Meta,Facebook - Total,CPC,3.83,3.2,3.35,3.68,,,3.66,3.67
2026-04-10,Jaipur,Google,Google - PMAX,SPEND,3289.34,22872.52,91553.07,35608.67,55.7,106826.01,24472.23,25008.05
2026-04-10,Jaipur,Google,Google - PMAX,CLICKS,1221,19073,41577,52445,175.0,157335,23379,34578
2026-04-10,Jaipur,Google,Google - PMAX,CPC,2.69,1.2,2.2,0.68,,,1.05,0.72
2026-04-10,Jaipur,Google,Google - UACi,SPEND,0,0,0,0,,0.0,0,0
2026-04-10,Jaipur,Google,Google - UACi,CLICKS,0,0,0,0,,0,0,0
2026-04-10,Jaipur,Google,Google - UACi,CPC,0.0,0.0,0.0,0.0,,,0.0,0.0
2026-04-10,Jaipur,Google,Google - UACe,SPEND,373.62,0,0,5351.42,,16054.26,5351.42,0
2026-04-10,Jaipur,Google,Google - UACe,CLICKS,87,0,0,2056,,6168,2056,0
2026-04-10,Jaipur,Google,Google - UACe,CPC,4.29,0.0,0.0,2.6,,,2.6,0.0
2026-04-10,Jaipur,Google,Google - Search,SPEND,0,0,0,0,,0.0,0,0
2026-04-10,Jaipur,Google,Google - Search,CLICKS,0,0,0,0,,0,0,0
2026-04-10,Jaipur,Google,Google - Search,CPC,0.0,0.0,0.0,0.0,,,0.0,0.0
2026-04-10,Jaipur,Google,Google - Total,SPEND,3662.97,22872.52,91553.07,40960.08,79.1,122880.24,29823.64,25008.05
2026-04-10,Jaipur,Google,Google - Total,CLICKS,1308,19073,41577,54501,185.7,163503,25435,34578
2026-04-10,Jaipur,Google,Google - Total,CPC,2.8,1.2,2.2,0.75,,,1.17,0.72
2026-04-10,Jaipur,Meta,Facebook - Catalog,SPEND,7370.49,41961.75,216977.39,82413.01,96.4,247239.03,53376.5,76521.96
2026-04-10,Jaipur,Meta,Facebook - Catalog,CLICKS,2307,12840,61674,22921,78.5,68763,14986,21497
2026-04-10,Jaipur,Meta,Facebook - Catalog,CPC,3.19,3.27,3.52,3.6,,,3.56,3.56
2026-04-10,Jaipur,Meta,Facebook - Conversion,SPEND,2479.03,19669.9,72465.1,27824.86,41.5,83474.58,18052.49,23337.8
2026-04-10,Jaipur,Meta,Facebook - Conversion,CLICKS,284,1770,6135,2290,29.4,6870,1522,1809
2026-04-10,Jaipur,Meta,Facebook - Conversion,CPC,8.73,11.11,11.81,12.15,,,11.86,12.9
2026-04-10,Jaipur,Meta,Facebook - Total,SPEND,9849.52,61631.65,289442.49,110237.87,78.9,330713.61,71428.99,99859.76
2026-04-10,Jaipur,Meta,Facebook - Total,CLICKS,2591,14610,67809,25211,72.6,75633,16508,23306
2026-04-10,Jaipur,Meta,Facebook - Total,CPC,3.8,4.22,4.27,4.37,,,4.33,4.28
2026-04-10,Kochi,Google,Google - PMAX,SPEND,4468.05,66021.77,188005.9,64824.89,-1.8,194474.67,41173.05,45317.57
2026-04-10,Kochi,Google,Google - PMAX,CLICKS,3183,61563,132302,55277,-10.2,165831,32309,43318
2026-04-10,Kochi,Google,Google - PMAX,CPC,1.4,1.07,1.42,1.17,,,1.27,1.05
2026-04-10,Kochi,Google,Google - UACi,SPEND,928.02,5536.48,5536.48,2433.14,-56.1,7299.42,2433.14,0
2026-04-10,Kochi,Google,Google - UACi,CLICKS,95,453,453,282,-37.7,846,282,0
2026-04-10,Kochi,Google,Google - UACi,CPC,9.77,12.22,12.22,8.63,,,8.63,0.0
2026-04-10,Kochi,Google,Google - UACe,SPEND,1730.76,13840.54,44771.88,20594.91,48.8,61784.73,16286.96,10742.2
2026-04-10,Kochi,Google,Google - UACe,CLICKS,657,5957,20471,7120,19.5,21360,5295,4858
2026-04-10,Kochi,Google,Google - UACe,CPC,2.63,2.32,2.19,2.89,,,3.08,2.21
2026-04-10,Kochi,Google,Google - Search,SPEND,0,0,0,0,,0.0,0,0
2026-04-10,Kochi,Google,Google - Search,CLICKS,0,0,0,0,,0,0,0
2026-04-10,Kochi,Google,Google - Search,CPC,0.0,0.0,0.0,0.0,,,0.0,0.0
2026-04-10,Kochi,Google,Google - Total,SPEND,7126.83,85398.79,238314.26,87852.94,2.9,263558.82,59893.15,56059.76
2026-04-10,Kochi,Google,Google - Total,CLICKS,3935,67973,153226,62679,-7.8,188037,37886,48176
2026-04-10,Kochi,Google,Google - Total,CPC,1.81,1.26,1.56,1.4,,,1.58,1.16
2026-04-10,Kochi,Meta,Facebook - Catalog,SPEND,6740.37,72783.14,228291.21,74136.01,1.9,222408.03,52051.33,51381.08
2026-04-10,Kochi,Meta,Facebook - Catalog,CLICKS,1078,9747,30167,10811,10.9,32433,7880,6817
2026-04-10,Kochi,Meta,Facebook - Catalog,CPC,6.25,7.47,7.57,6.86,,,6.61,7.54
2026-04-10,Kochi,Meta,Facebook - Conversion,SPEND,3933.07,24368.94,78683.51,39155.96,60.7,117467.88,28904.59,19780.96
2026-04-10,Kochi,Meta,Facebook - Conversion,CLICKS,752,2143,7090,5451,154.4,16353,4078,2482
2026-04-10,Kochi,Meta,Facebook - Conversion,CPC,5.23,11.37,11.1,7.18,,,7.09,7.97
2026-04-10,Kochi,Meta,Facebook - Total,SPEND,10673.44,97152.08,306974.72,113291.97,16.6,339875.91,80955.92,71162.04
2026-04-10,Kochi,Meta,Facebook - Total,CLICKS,1830,11890,37257,16262,36.8,48786,11958,9299
2026-04-10,Kochi,Meta,Facebook - Total,CPC,5.83,8.17,8.24,6.97,,,6.77,7.65
2026-04-10,Kolkata,Google,Google - PMAX,SPEND,2957.89,43185.85,138126.72,44708.16,3.5,134124.48,31181.78,31267.53
2026-04-10,Kolkata,Google,Google - PMAX,CLICKS,2640,23834,74407,51403,115.7,154209,39405,28905
2026-04-10,Kolkata,Google,Google - PMAX,CPC,1.12,1.81,1.86,0.87,,,0.79,1.08
2026-04-10,Kolkata,Google,Google - UACi,SPEND,7177.96,26532.62,77433.74,33308.58,25.5,99925.74,25082.8,17294.52
2026-04-10,Kolkata,Google,Google - UACi,CLICKS,558,2583,7539,3002,16.2,9006,2274,1630
2026-04-10,Kolkata,Google,Google - UACi,CPC,12.86,10.27,10.27,11.1,,,11.03,10.61
2026-04-10,Kolkata,Google,Google - UACe,SPEND,2446.3,22194.6,66872.03,30355.43,36.8,91066.29,22854.53,14904.25
2026-04-10,Kolkata,Google,Google - UACe,CLICKS,569,4616,14709,6628,43.6,19884,4938,3414
2026-04-10,Kolkata,Google,Google - UACe,CPC,4.3,4.81,4.55,4.58,,,4.63,4.37
2026-04-10,Kolkata,Google,Google - Search,SPEND,0,0,0,0,,0.0,0,0
2026-04-10,Kolkata,Google,Google - Search,CLICKS,0,0,0,0,,0,0,0
2026-04-10,Kolkata,Google,Google - Search,CPC,0.0,0.0,0.0,0.0,,,0.0,0.0
2026-04-10,Kolkata,Google,Google - Total,SPEND,12582.16,91913.08,282432.49,108372.17,17.9,325116.51,79119.12,63466.3
2026-04-10,Kolkata,Google,Google - Total,CLICKS,3767,31033,96655,61033,96.7,183099,46617,33949
2026-04-10,Kolkata,Google,Google - Total,CPC,3.34,2.96,2.92,1.78,,,1.7,1.87
2026-04-10,Kolkata,Meta,Facebook - Catalog,SPEND,7737.21,72821.9,230148.1,83480.77,14.6,250442.31,58554.67,54889.53
2026-04-10,Kolkata,Meta,Facebook - Catalog,CLICKS,1727,16562,53426,19855,19.9,59565,14268,12301
2026-04-10,Kolkata,Meta,Facebook - Catalog,CPC,4.48,4.4,4.31,4.2,,,4.1,4.46
2026-04-10,Kolkata,Meta,Facebook - Conversion,SPEND,3921.75,17076.03,53230.76,37736.37,121.0,113209.11,28691.45,16112.47
2026-04-10,Kolkata,Meta,Facebook - Conversion,CLICKS,815,1990,5872,5822,192.6,17466,4502,2109
2026-04-10,Kolkata,Meta,Facebook - Conversion,CPC,4.81,8.58,9.07,6.48,,,6.37,7.64
2026-04-10,Kolkata,Meta,Facebook - Total,SPEND,11658.96,89897.93,283378.86,121217.14,34.8,363651.42,87246.12,71002.0
2026-04-10,Kolkata,Meta,Facebook - Total,CLICKS,2542,18552,59298,25677,38.4,77031,18770,14410
2026-04-10,Kolkata,Meta,Facebook - Total,CPC,4.59,4.85,4.78,4.72,,,4.65,4.93
2026-04-10,Lucknow,Google,Google - PMAX,SPEND,7412.93,75612.03,235332.32,84943.51,12.3,254830.53,55419.15,67872.31
2026-04-10,Lucknow,Google,Google - PMAX,CLICKS,12602,33880,211373,107449,217.1,322347,68509,101401
2026-04-10,Lucknow,Google,Google - PMAX,CPC,0.59,2.23,1.11,0.79,,,0.81,0.67
2026-04-10,Lucknow,Google,Google - UACi,SPEND,0,0,0,0,,0.0,0,0
2026-04-10,Lucknow,Google,Google - UACi,CLICKS,0,0,0,0,,0,0,0
2026-04-10,Lucknow,Google,Google - UACi,CPC,0.0,0.0,0.0,0.0,,,0.0,0.0
2026-04-10,Lucknow,Google,Google - UACe,SPEND,404.27,0,0,5177.61,,15532.83,5177.61,0
2026-04-10,Lucknow,Google,Google - UACe,CLICKS,88,0,0,1946,,5838,1946,0
2026-04-10,Lucknow,Google,Google - UACe,CPC,4.59,0.0,0.0,2.66,,,2.66,0.0
2026-04-10,Lucknow,Google,Google - Search,SPEND,1614.75,15869.31,53454.65,18692.46,17.8,56077.38,13099.6,12491.36
2026-04-10,Lucknow,Google,Google - Search,CLICKS,512,4313,15083,5926,37.4,17778,4233,3859
2026-04-10,Lucknow,Google,Google - Search,CPC,3.15,3.68,3.54,3.15,,,3.09,3.24
2026-04-10,Lucknow,Google,Google - Total,SPEND,9431.96,91481.34,288786.97,108813.58,18.9,326440.74,73696.36,80363.67
2026-04-10,Lucknow,Google,Google - Total,CLICKS,13202,38193,226456,115321,201.9,345963,74688,105260
2026-04-10,Lucknow,Google,Google - Total,CPC,0.71,2.4,1.28,0.94,,,0.99,0.76
2026-04-10,Lucknow,Meta,Facebook - Catalog,SPEND,8404.02,82677.98,290439.66,96290.87,16.5,288872.61,66624.22,70084.33
2026-04-10,Lucknow,Meta,Facebook - Catalog,CLICKS,2603,24055,83205,27456,14.1,82368,19599,18665
2026-04-10,Lucknow,Meta,Facebook - Catalog,CPC,3.23,3.44,3.49,3.51,,,3.4,3.75
2026-04-10,Lucknow,Meta,Facebook - Conversion,SPEND,4917.95,28208.82,88475.6,48333.52,71.3,145000.56,36021.24,23766.74
2026-04-10,Lucknow,Meta,Facebook - Conversion,CLICKS,632,2953,8817,5375,82.0,16125,4051,2447
2026-04-10,Lucknow,Meta,Facebook - Conversion,CPC,7.78,9.55,10.03,8.99,,,8.89,9.71
2026-04-10,Lucknow,Meta,Facebook - Total,SPEND,13321.97,110886.8,378915.26,144624.39,30.4,433873.17,102645.46,93851.07
2026-04-10,Lucknow,Meta,Facebook - Total,CLICKS,3235,27008,92022,32831,21.6,98493,23650,21112
2026-04-10,Lucknow,Meta,Facebook - Total,CPC,4.12,4.11,4.12,4.41,,,4.34,4.45
2026-04-10,Mumbai,Google,Google - PMAX,SPEND,13875.72,112174.08,437931.89,147502.36,31.5,442507.08,101699.71,105854.6
2026-04-10,Mumbai,Google,Google - PMAX,CLICKS,5216,18031,193739,64727,259.0,194181,45119,45057
2026-04-10,Mumbai,Google,Google - PMAX,CPC,2.66,6.22,2.26,2.28,,,2.25,2.35
2026-04-10,Mumbai,Google,Google - UACi,SPEND,5116.37,44848.65,138086.95,51971.99,15.9,155915.97,37696.86,30484.32
2026-04-10,Mumbai,Google,Google - UACi,CLICKS,425,4278,13089,4759,11.2,14277,3392,2978
2026-04-10,Mumbai,Google,Google - UACi,CPC,12.04,10.48,10.55,10.92,,,11.11,10.24
2026-04-10,Mumbai,Google,Google - UACe,SPEND,7583.65,68727.94,216499.12,103657.4,50.8,310972.2,79327.83,52907.57
2026-04-10,Mumbai,Google,Google - UACe,CLICKS,1457,11574,37878,20970,81.2,62910,16524,9398
2026-04-10,Mumbai,Google,Google - UACe,CPC,5.2,5.94,5.72,4.94,,,4.8,5.63
2026-04-10,Mumbai,Google,Google - Search,SPEND,5329.13,56577.12,183914.9,47080.06,-16.8,141240.18,35276.6,32106.58
2026-04-10,Mumbai,Google,Google - Search,CLICKS,1111,10246,36614,12615,23.1,37845,8709,8793
2026-04-10,Mumbai,Google,Google - Search,CPC,4.8,5.52,5.02,3.73,,,4.05,3.65
2026-04-10,Mumbai,Google,Google - Total,SPEND,31904.86,282327.79,976432.87,350211.81,24.0,1050635.43,254001.0,221353.07
2026-04-10,Mumbai,Google,Google - Total,CLICKS,8209,44129,281320,103071,133.6,309213,73744,66226
2026-04-10,Mumbai,Google,Google - Total,CPC,3.89,6.4,3.47,3.4,,,3.44,3.34
2026-04-10,Mumbai,Meta,Facebook - Catalog,SPEND,31554.32,251790.92,792160.58,336560.8,33.7,1009682.4,242659.09,193317.31
2026-04-10,Mumbai,Meta,Facebook - Catalog,CLICKS,8108,72133,221039,81841,13.5,245523,59196,46721
2026-04-10,Mumbai,Meta,Facebook - Catalog,CPC,3.89,3.49,3.58,4.11,,,4.1,4.14
2026-04-10,Mumbai,Meta,Facebook - Conversion,SPEND,6901.86,64208.73,220242.25,72872.88,13.5,218618.64,51051.84,51676.75
2026-04-10,Mumbai,Meta,Facebook - Conversion,CLICKS,742,5001,16484,6022,20.4,18066,4268,3827
2026-04-10,Mumbai,Meta,Facebook - Conversion,CPC,9.3,12.84,13.36,12.1,,,11.96,13.5
2026-04-10,Mumbai,Meta,Facebook - Total,SPEND,38456.18,315999.65,1012402.83,409433.68,29.6,1228301.04,293710.93,244994.06
2026-04-10,Mumbai,Meta,Facebook - Total,CLICKS,8850,77134,237523,87863,13.9,263589,63464,50548
2026-04-10,Mumbai,Meta,Facebook - Total,CPC,4.35,4.1,4.26,4.66,,,4.63,4.85
2026-04-10,Pan India,Google,Google - PMAX,SPEND,0,0,0,0,,0.0,0,0
2026-04-10,Pan India,Google,Google - PMAX,CLICKS,0,0,0,0,,0,0,0
2026-04-10,Pan India,Google,Google - PMAX,CPC,0.0,0.0,0.0,0.0,,,0.0,0.0
2026-04-10,Pan India,Google,Google - UACi,SPEND,35871.6,229002.92,695238.95,273660.48,19.5,820981.44,202069.31,156964.52
2026-04-10,Pan India,Google,Google - UACi,CLICKS,7403,51340,183710,64131,24.9,192393,45725,41845
2026-04-10,Pan India,Google,Google - UACi,CPC,4.85,4.46,3.78,4.27,,,4.42,3.75
2026-04-10,Pan India,Google,Google - UACe,SPEND,12844.21,175905.03,633902.88,171078.63,-2.7,513235.89,108484.58,189381.81
2026-04-10,Pan India,Google,Google - UACe,CLICKS,4679,69654,234453,57223,-17.8,171669,35595,63866
2026-04-10,Pan India,Google,Google - UACe,CPC,2.75,2.53,2.7,2.99,,,3.05,2.97
2026-04-10,Pan India,Google,Google - Search,SPEND,0,0,0,0,,0.0,0,0
2026-04-10,Pan India,Google,Google - Search,CLICKS,0,0,0,0,,0,0,0
2026-04-10,Pan India,Google,Google - Search,CPC,0.0,0.0,0.0,0.0,,,0.0,0.0
2026-04-10,Pan India,Google,Google - Total,SPEND,59651.56,524956.56,1610270.29,558209.2,6.3,1674627.6,391379.28,412273.28
2026-04-10,Pan India,Google,Google - Total,CLICKS,23927,191687,598281,223354,16.5,670062,157969,153798
2026-04-10,Pan India,Google,Google - Total,CPC,2.49,2.74,2.69,2.5,,,2.48,2.68
2026-04-10,Pan India,Meta,Facebook - Catalog,SPEND,25256.07,51327.94,681625.62,326728.79,536.6,980186.37,227989.33,239483.89
2026-04-10,Pan India,Meta,Facebook - Catalog,CLICKS,9457,9898,248636,137778,1292.0,413334,96705,99554
2026-04-10,Pan India,Meta,Facebook - Catalog,CPC,2.67,5.19,2.74,2.37,,,2.36,2.41
2026-04-10,Pan India,Meta,Facebook - Conversion,SPEND,10790.65,30525.31,113411.74,83000.11,171.9,249000.33,60144.3,50438.74
2026-04-10,Pan India,Meta,Facebook - Conversion,CLICKS,1040,1690,5677,5488,224.7,16464,4183,2614
2026-04-10,Pan India,Meta,Facebook - Conversion,CPC,10.38,18.06,19.98,15.12,,,14.38,19.3
2026-04-10,Pan India,Meta,Facebook - Total,SPEND,36046.72,81853.25,795037.36,409728.9,400.6,1229186.7,288133.63,289922.63
2026-04-10,Pan India,Meta,Facebook - Total,CLICKS,10497,11588,254313,143266,1136.3,429798,100888,102168
2026-04-10,Pan India,Meta,Facebook - Total,CPC,3.43,7.06,3.13,2.86,,,2.86,2.84
2026-04-10,Patna,Google,Google - PMAX,SPEND,1277.64,12608.78,36456.4,12210.33,-3.2,36630.99,8857.7,8169.24
2026-04-10,Patna,Google,Google - PMAX,CLICKS,2058,9421,73495,16760,77.9,50280,12685,11415
2026-04-10,Patna,Google,Google - PMAX,CPC,0.62,1.34,0.5,0.73,,,0.7,0.72
2026-04-10,Patna,Google,Google - UACi,SPEND,0,0,0,0,,0.0,0,0
2026-04-10,Patna,Google,Google - UACi,CLICKS,0,0,0,0,,0,0,0
2026-04-10,Patna,Google,Google - UACi,CPC,0.0,0.0,0.0,0.0,,,0.0,0.0
2026-04-10,Patna,Google,Google - UACe,SPEND,467.69,0,0,5260.12,,15780.36,5260.12,0
2026-04-10,Patna,Google,Google - UACe,CLICKS,176,0,0,2315,,6945,2315,0
2026-04-10,Patna,Google,Google - UACe,CPC,2.66,0.0,0.0,2.27,,,2.27,0.0
2026-04-10,Patna,Google,Google - Search,SPEND,0,0,0,0,,0.0,0,0
2026-04-10,Patna,Google,Google - Search,CLICKS,0,0,0,0,,0,0,0
2026-04-10,Patna,Google,Google - Search,CPC,0.0,0.0,0.0,0.0,,,0.0,0.0
2026-04-10,Patna,Google,Google - Total,SPEND,1745.32,12608.78,36456.4,17470.45,38.6,52411.35,14117.82,8169.24
2026-04-10,Patna,Google,Google - Total,CLICKS,2234,9421,73495,19075,102.5,57225,15000,11415
2026-04-10,Patna,Google,Google - Total,CPC,0.78,1.34,0.5,0.92,,,0.94,0.72
2026-04-10,Patna,Meta,Facebook - Catalog,SPEND,774.56,16723.92,37903.3,9207.07,-44.9,27621.21,7290.2,6767.89
2026-04-10,Patna,Meta,Facebook - Catalog,CLICKS,243,3963,9430,2225,-43.9,6675,1711,1326
2026-04-10,Patna,Meta,Facebook - Catalog,CPC,3.19,4.22,4.02,4.14,,,4.26,5.1
2026-04-10,Patna,Meta,Facebook - Conversion,SPEND,1754.58,16998.23,54862.52,18883.49,11.1,56650.47,13247.82,12719.75
2026-04-10,Patna,Meta,Facebook - Conversion,CLICKS,197,1758,5193,2263,28.7,6789,1565,1475
2026-04-10,Patna,Meta,Facebook - Conversion,CPC,8.91,9.67,10.56,8.34,,,8.47,8.62
2026-04-10,Patna,Meta,Facebook - Total,SPEND,2529.14,33722.15,92765.82,28090.56,-16.7,84271.68,20538.02,19487.64
2026-04-10,Patna,Meta,Facebook - Total,CLICKS,440,5721,14623,4488,-21.6,13464,3276,2801
2026-04-10,Patna,Meta,Facebook - Total,CPC,5.75,5.89,6.34,6.26,,,6.27,6.96
2026-04-10,Pune,Google,Google - PMAX,SPEND,16049.14,141541.03,625529.43,199216.78,40.7,597650.34,142682.38,137749.94
2026-04-10,Pune,Google,Google - PMAX,CLICKS,11279,18913,408306,203390,975.4,610170,151480,132052
2026-04-10,Pune,Google,Google - PMAX,CPC,1.42,7.48,1.53,0.98,,,0.94,1.04
2026-04-10,Pune,Google,Google - UACi,SPEND,9482.0,66708.48,210415.26,87153.6,30.6,261460.8,62972.28,49758.55
2026-04-10,Pune,Google,Google - UACi,CLICKS,1144,7405,23651,10105,36.5,30315,7380,5798
2026-04-10,Pune,Google,Google - UACi,CPC,8.29,9.01,8.9,8.62,,,8.53,8.58
2026-04-10,Pune,Google,Google - UACe,SPEND,5353.03,33985.98,168355.58,75003.26,120.7,225009.78,60593.73,50497.95
2026-04-10,Pune,Google,Google - UACe,CLICKS,2058,8158,54846,24771,203.6,74313,20836,15641
2026-04-10,Pune,Google,Google - UACe,CPC,2.6,4.17,3.07,3.03,,,2.91,3.23
2026-04-10,Pune,Google,Google - Search,SPEND,4118.16,30225.1,122595.29,41606.29,37.7,124818.87,29053.47,31751.51
2026-04-10,Pune,Google,Google - Search,CLICKS,966,7079,25668,10420,47.2,31260,7431,7027
2026-04-10,Pune,Google,Google - Search,CPC,4.26,4.27,4.78,3.99,,,3.91,4.52
2026-04-10,Pune,Google,Google - Total,SPEND,35002.33,272460.59,1126895.56,402979.93,47.9,1208939.79,295301.87,269757.95
2026-04-10,Pune,Google,Google - Total,CLICKS,15447,41555,512471,248686,498.5,746058,187127,160518
2026-04-10,Pune,Google,Google - Total,CPC,2.27,6.56,2.2,1.62,,,1.58,1.68
2026-04-10,Pune,Meta,Facebook - Catalog,SPEND,43472.84,264391.14,1123809.75,462166.03,74.8,1386498.09,328844.25,331387.98
2026-04-10,Pune,Meta,Facebook - Catalog,CLICKS,11102,63039,268553,113142,79.5,339426,81155,79653
2026-04-10,Pune,Meta,Facebook - Catalog,CPC,3.92,4.19,4.18,4.08,,,4.05,4.16
2026-04-10,Pune,Meta,Facebook - Conversion,SPEND,8500.85,58418.2,195462.77,87037.45,49.0,261112.35,61908.84,51139.22
2026-04-10,Pune,Meta,Facebook - Conversion,CLICKS,1050,4814,16708,8372,73.9,25116,6051,4860
2026-04-10,Pune,Meta,Facebook - Conversion,CPC,8.1,12.14,11.7,10.4,,,10.23,10.52
2026-04-10,Pune,Meta,Facebook - Total,SPEND,51973.69,322809.34,1319272.52,549203.48,70.1,1647610.44,390753.09,382527.2
2026-04-10,Pune,Meta,Facebook - Total,CLICKS,12152,67853,285261,121514,79.1,364542,87206,84513
2026-04-10,Pune,Meta,Facebook - Total,CPC,4.28,4.76,4.62,4.52,,,4.48,4.53
2026-04-10,Surat,Google,Google - PMAX,SPEND,2715.17,28831.32,84947.11,26936.91,-6.6,80810.73,19327.83,19434.49
2026-04-10,Surat,Google,Google - PMAX,CLICKS,499,37263,113252,29187,-21.7,87561,12941,33892
2026-04-10,Surat,Google,Google - PMAX,CPC,5.44,0.77,0.75,0.92,,,1.49,0.57
2026-04-10,Surat,Google,Google - UACi,SPEND,0,0,0,0,,0.0,0,0
2026-04-10,Surat,Google,Google - UACi,CLICKS,0,0,0,0,,0,0,0
2026-04-10,Surat,Google,Google - UACi,CPC,0.0,0.0,0.0,0.0,,,0.0,0.0
2026-04-10,Surat,Google,Google - UACe,SPEND,304.1,0,0,4933.39,,14800.17,4933.39,0
2026-04-10,Surat,Google,Google - UACe,CLICKS,105,0,0,1809,,5427,1809,0
2026-04-10,Surat,Google,Google - UACe,CPC,2.9,0.0,0.0,2.73,,,2.73,0.0
2026-04-10,Surat,Google,Google - Search,SPEND,0,0,0,0,,0.0,0,0
2026-04-10,Surat,Google,Google - Search,CLICKS,0,0,0,0,,0,0,0
2026-04-10,Surat,Google,Google - Search,CPC,0.0,0.0,0.0,0.0,,,0.0,0.0
2026-04-10,Surat,Google,Google - Total,SPEND,3019.28,28831.32,84947.11,31870.3,10.5,95610.9,24261.21,19434.49
2026-04-10,Surat,Google,Google - Total,CLICKS,604,37263,113252,30996,-16.8,92988,14750,33892
2026-04-10,Surat,Google,Google - Total,CPC,5.0,0.77,0.75,1.03,,,1.64,0.57
2026-04-10,Surat,Meta,Facebook - Catalog,SPEND,3853.41,43867.1,136582.65,44016.03,0.3,132048.09,30688.69,30855.12
2026-04-10,Surat,Meta,Facebook - Catalog,CLICKS,1089,13485,38650,12394,-8.1,37182,8801,7776
2026-04-10,Surat,Meta,Facebook - Catalog,CPC,3.54,3.25,3.53,3.55,,,3.49,3.97
2026-04-10,Surat,Meta,Facebook - Conversion,SPEND,1458.98,13791.18,43931.25,14923.45,8.2,44770.35,10499.37,10283.57
2026-04-10,Surat,Meta,Facebook - Conversion,CLICKS,155,1201,3756,1335,11.2,4005,947,918
2026-04-10,Surat,Meta,Facebook - Conversion,CPC,9.41,11.48,11.7,11.18,,,11.09,11.2
2026-04-10,Surat,Meta,Facebook - Total,SPEND,5312.39,57658.28,180513.9,58939.48,2.2,176818.44,41188.06,41138.69
2026-04-10,Surat,Meta,Facebook - Total,CLICKS,1244,14686,42406,13729,-6.5,41187,9748,8694
2026-04-10,Surat,Meta,Facebook - Total,CPC,4.27,3.93,4.26,4.29,,,4.23,4.73
2026-04-10,Vadodara,Google,Google - PMAX,SPEND,2317.79,26767.48,79633.3,27807.66,3.9,83422.98,19831.43,17249.46
2026-04-10,Vadodara,Google,Google - PMAX,CLICKS,1863,32995,87247,18950,-42.6,56850,12968,10885
2026-04-10,Vadodara,Google,Google - PMAX,CPC,1.24,0.81,0.91,1.47,,,1.53,1.58
2026-04-10,Vadodara,Google,Google - UACi,SPEND,0,0,0,0,,0.0,0,0
2026-04-10,Vadodara,Google,Google - UACi,CLICKS,0,0,0,0,,0,0,0
2026-04-10,Vadodara,Google,Google - UACi,CPC,0.0,0.0,0.0,0.0,,,0.0,0.0
2026-04-10,Vadodara,Google,Google - UACe,SPEND,194.52,0,0,4869.92,,14609.76,4869.92,0
2026-04-10,Vadodara,Google,Google - UACe,CLICKS,51,0,0,1552,,4656,1552,0
2026-04-10,Vadodara,Google,Google - UACe,CPC,3.81,0.0,0.0,3.14,,,3.14,0.0
2026-04-10,Vadodara,Google,Google - Search,SPEND,0,0,0,0,,0.0,0,0
2026-04-10,Vadodara,Google,Google - Search,CLICKS,0,0,0,0,,0,0,0
2026-04-10,Vadodara,Google,Google - Search,CPC,0.0,0.0,0.0,0.0,,,0.0,0.0
2026-04-10,Vadodara,Google,Google - Total,SPEND,2512.32,26767.48,79633.3,32677.59,22.1,98032.77,24701.36,17249.46
2026-04-10,Vadodara,Google,Google - Total,CLICKS,1914,32995,87247,20502,-37.9,61506,14520,10885
2026-04-10,Vadodara,Google,Google - Total,CPC,1.31,0.81,0.91,1.59,,,1.7,1.58
2026-04-10,Vadodara,Meta,Facebook - Catalog,SPEND,2308.46,27272.48,85451.03,27328.42,0.2,81985.26,19137.5,19363.38
2026-04-10,Vadodara,Meta,Facebook - Catalog,CLICKS,631,6720,20139,6615,-1.6,19845,4784,4224
2026-04-10,Vadodara,Meta,Facebook - Catalog,CPC,3.66,4.06,4.24,4.13,,,4.0,4.58
2026-04-10,Vadodara,Meta,Facebook - Conversion,SPEND,599.08,8205.85,22638.95,7416.28,-9.6,22248.84,5134.6,4811.75
2026-04-10,Vadodara,Meta,Facebook - Conversion,CLICKS,40,632,1657,544,-13.9,1632,388,347
2026-04-10,Vadodara,Meta,Facebook - Conversion,CPC,14.98,12.98,13.66,13.63,,,13.23,13.87
2026-04-10,Vadodara,Meta,Facebook - Total,SPEND,2907.54,35478.33,108089.98,34744.7,-2.1,104234.1,24272.1,24175.13
2026-04-10,Vadodara,Meta,Facebook - Total,CLICKS,671,7352,21796,7159,-2.6,21477,5172,4571
2026-04-10,Vadodara,Meta,Facebook - Total,CPC,4.33,4.83,4.96,4.85,,,4.69,5.29
